timestamp,lap time,stroke count,stroke type
2020-11-01T03:33:21Z,00:00:25.000,7,SWIM_STROKE_TYPE_UNSPECIFIED
2020-11-01T13:06:10Z,00:00:33.000,7,SWIM_STROKE_TYPE_UNSPECIFIED
2020-11-01T13:10:22Z,00:00:32.000,5,SWIM_STROKE_TYPE_UNSPECIFIED
2020-11-01T13:24:03Z,00:00:44.000,6,SWIM_STROKE_TYPE_UNSPECIFIED
2020-11-01T13:25:18Z,00:00:42.000,7,SWIM_STROKE_TYPE_UNSPECIFIED
2020-11-01T13:37:59Z,00:00:43.000,9,SWIM_STROKE_TYPE_UNSPECIFIED
2020-11-01T13:43:07Z,00:00:52.000,23,SWIM_STROKE_TYPE_UNSPECIFIED
2020-11-01T13:44:01Z,00:00:23.000,12,SWIM_STROKE_TYPE_UNSPECIFIED
2020-11-01T13:44:39Z,00:00:30.000,12,SWIM_STROKE_TYPE_UNSPECIFIED
2020-11-01T13:45:25Z,00:00:29.000,13,SWIM_STROKE_TYPE_UNSPECIFIED
2020-11-01T14:01:53Z,00:00:12.000,8,SWIM_STROKE_TYPE_UNSPECIFIED
2020-11-01T14:02:10Z,00:00:23.000,8,SWIM_STROKE_TYPE_UNSPECIFIED
2020-11-01T14:02:46Z,00:00:24.000,9,SWIM_STROKE_TYPE_UNSPECIFIED
2020-11-01T14:03:21Z,00:00:31.000,14,SWIM_STROKE_TYPE_UNSPECIFIED
2020-11-01T14:04:05Z,00:00:10.000,6,SWIM_STROKE_TYPE_UNSPECIFIED
2020-11-01T14:05:27Z,00:00:39.000,14,SWIM_STROKE_TYPE_UNSPECIFIED
2020-11-01T14:06:15Z,00:00:26.000,12,SWIM_STROKE_TYPE_UNSPECIFIED
2020-11-01T14:30:30Z,00:00:16.000,9,SWIM_STROKE_TYPE_UNSPECIFIED
2020-11-01T14:32:14Z,00:00:11.000,5,SWIM_STROKE_TYPE_UNSPECIFIED
2020-11-01T14:32:31Z,00:00:37.000,16,SWIM_STROKE_TYPE_UNSPECIFIED
2020-11-01T14:34:04Z,00:00:22.000,11,SWIM_STROKE_TYPE_UNSPECIFIED
2020-11-01T14:34:42Z,00:00:19.000,8,SWIM_STROKE_TYPE_UNSPECIFIED
2020-11-01T14:44:12Z,00:00:24.000,13,SWIM_STROKE_TYPE_UNSPECIFIED
2020-11-01T16:09:11Z,00:00:09.000,5,SWIM_STROKE_TYPE_UNSPECIFIED
2020-11-01T16:18:35Z,00:00:22.000,6,SWIM_STROKE_TYPE_UNSPECIFIED
2020-11-01T16:22:37Z,00:00:16.000,5,SWIM_STROKE_TYPE_UNSPECIFIED
2020-11-01T16:25:20Z,00:00:27.000,8,SWIM_STROKE_TYPE_UNSPECIFIED
2020-11-01T16:30:40Z,00:00:13.000,5,SWIM_STROKE_TYPE_UNSPECIFIED
2020-11-01T16:36:48Z,00:00:23.000,6,SWIM_STROKE_TYPE_UNSPECIFIED
2020-11-01T16:37:55Z,00:00:50.000,7,SWIM_STROKE_TYPE_UNSPECIFIED
2020-11-01T16:39:04Z,00:00:54.000,8,SWIM_STROKE_TYPE_UNSPECIFIED
2020-11-01T16:41:03Z,00:00:30.000,5,SWIM_STROKE_TYPE_UNSPECIFIED
2020-11-01T16:41:46Z,00:00:39.000,10,SWIM_STROKE_TYPE_UNSPECIFIED
2020-11-01T19:24:27Z,00:00:45.000,8,SWIM_STROKE_TYPE_UNSPECIFIED
2020-11-01T19:26:24Z,00:00:20.000,5,SWIM_STROKE_TYPE_UNSPECIFIED
2020-11-01T19:27:06Z,00:00:27.000,8,SWIM_STROKE_TYPE_UNSPECIFIED
2020-11-01T19:28:53Z,00:00:15.000,7,SWIM_STROKE_TYPE_UNSPECIFIED
2020-11-01T20:20:50Z,00:00:24.000,6,SWIM_STROKE_TYPE_UNSPECIFIED
2020-11-01T20:21:31Z,00:00:21.000,5,SWIM_STROKE_TYPE_UNSPECIFIED
2020-11-01T20:21:59Z,00:00:16.000,5,SWIM_STROKE_TYPE_UNSPECIFIED
2020-11-01T21:00:53Z,00:00:29.000,6,SWIM_STROKE_TYPE_UNSPECIFIED
2020-11-01T21:03:12Z,00:00:37.000,7,SWIM_STROKE_TYPE_UNSPECIFIED
2020-11-01T21:04:13Z,00:00:15.000,5,SWIM_STROKE_TYPE_UNSPECIFIED
2020-11-01T21:15:27Z,00:00:32.000,5,SWIM_STROKE_TYPE_UNSPECIFIED
2020-11-01T21:26:32Z,00:00:52.000,6,SWIM_STROKE_TYPE_UNSPECIFIED
2020-11-01T21:46:43Z,00:00:59.000,11,SWIM_STROKE_TYPE_UNSPECIFIED
2020-11-01T21:47:59Z,00:00:34.000,7,SWIM_STROKE_TYPE_UNSPECIFIED
2020-11-01T22:01:52Z,00:00:52.000,9,SWIM_STROKE_TYPE_UNSPECIFIED
2020-11-01T22:08:10Z,00:00:51.000,6,SWIM_STROKE_TYPE_UNSPECIFIED
2020-11-01T22:40:09Z,00:00:34.000,5,SWIM_STROKE_TYPE_UNSPECIFIED
2020-11-01T22:40:53Z,00:00:47.000,8,SWIM_STROKE_TYPE_UNSPECIFIED
2020-11-01T22:42:13Z,00:00:42.000,7,SWIM_STROKE_TYPE_UNSPECIFIED
2020-11-01T22:43:06Z,00:00:44.000,8,SWIM_STROKE_TYPE_UNSPECIFIED
2020-11-01T23:01:32Z,00:00:22.000,6,SWIM_STROKE_TYPE_UNSPECIFIED
2020-11-01T23:03:12Z,00:00:22.000,6,SWIM_STROKE_TYPE_UNSPECIFIED
2020-11-02T00:01:40Z,00:00:32.000,7,SWIM_STROKE_TYPE_UNSPECIFIED
2020-11-02T00:02:58Z,00:00:11.000,5,SWIM_STROKE_TYPE_UNSPECIFIED
2020-11-02T01:09:57Z,00:00:25.000,5,SWIM_STROKE_TYPE_UNSPECIFIED
2020-11-02T02:58:29Z,00:00:41.000,6,SWIM_STROKE_TYPE_UNSPECIFIED
2020-11-02T03:05:11Z,00:00:35.000,9,SWIM_STROKE_TYPE_UNSPECIFIED
2020-11-02T03:06:38Z,00:00:15.000,5,SWIM_STROKE_TYPE_UNSPECIFIED
2020-11-02T03:07:13Z,00:00:11.000,5,SWIM_STROKE_TYPE_UNSPECIFIED
2020-11-02T13:49:44Z,00:00:15.000,5,SWIM_STROKE_TYPE_UNSPECIFIED
2020-11-02T14:26:51Z,00:00:33.000,11,SWIM_STROKE_TYPE_UNSPECIFIED
2020-11-02T15:01:11Z,00:00:10.000,5,SWIM_STROKE_TYPE_UNSPECIFIED
2020-11-02T15:05:27Z,00:00:08.000,6,SWIM_STROKE_TYPE_UNSPECIFIED
2020-11-02T15:05:53Z,00:00:08.000,5,SWIM_STROKE_TYPE_UNSPECIFIED
2020-11-02T15:06:07Z,00:00:17.000,8,SWIM_STROKE_TYPE_UNSPECIFIED
2020-11-02T15:07:26Z,00:00:09.000,6,SWIM_STROKE_TYPE_UNSPECIFIED
2020-11-02T15:08:44Z,00:00:15.000,8,SWIM_STROKE_TYPE_UNSPECIFIED
2020-11-02T15:10:20Z,00:00:14.000,6,SWIM_STROKE_TYPE_UNSPECIFIED
2020-11-02T19:11:39Z,00:00:18.000,5,SWIM_STROKE_TYPE_UNSPECIFIED
2020-11-02T19:14:18Z,00:00:15.000,6,SWIM_STROKE_TYPE_UNSPECIFIED
2020-11-02T19:31:39Z,00:00:36.000,9,SWIM_STROKE_TYPE_UNSPECIFIED
2020-11-02T21:24:38Z,00:00:18.000,5,SWIM_STROKE_TYPE_UNSPECIFIED
2020-11-02T22:05:37Z,00:00:19.000,6,SWIM_STROKE_TYPE_UNSPECIFIED
2020-11-02T22:06:04Z,00:00:15.000,5,SWIM_STROKE_TYPE_UNSPECIFIED
2020-11-02T22:45:34Z,00:00:18.000,5,SWIM_STROKE_TYPE_UNSPECIFIED
2020-11-02T22:47:02Z,00:00:17.000,6,SWIM_STROKE_TYPE_UNSPECIFIED
2020-11-02T22:52:45Z,00:00:16.000,6,SWIM_STROKE_TYPE_UNSPECIFIED
2020-11-03T00:08:03Z,00:00:14.000,6,SWIM_STROKE_TYPE_UNSPECIFIED
2020-11-03T01:58:50Z,00:00:20.000,7,SWIM_STROKE_TYPE_UNSPECIFIED
2020-11-03T01:59:41Z,00:00:21.000,5,SWIM_STROKE_TYPE_UNSPECIFIED
2020-11-03T03:25:16Z,00:00:30.000,7,SWIM_STROKE_TYPE_UNSPECIFIED
2020-11-03T03:26:03Z,00:00:26.000,6,SWIM_STROKE_TYPE_UNSPECIFIED
2020-11-03T03:27:28Z,00:00:25.000,6,SWIM_STROKE_TYPE_UNSPECIFIED
2020-11-03T13:33:59Z,00:00:18.000,5,SWIM_STROKE_TYPE_UNSPECIFIED
2020-11-03T13:47:02Z,00:00:27.000,8,SWIM_STROKE_TYPE_UNSPECIFIED
2020-11-03T13:47:46Z,00:00:13.000,5,SWIM_STROKE_TYPE_UNSPECIFIED
2020-11-03T13:57:00Z,00:00:13.000,5,SWIM_STROKE_TYPE_UNSPECIFIED
2020-11-03T13:58:41Z,00:00:12.000,5,SWIM_STROKE_TYPE_UNSPECIFIED
2020-11-03T13:59:20Z,00:00:15.000,6,SWIM_STROKE_TYPE_UNSPECIFIED
2020-11-03T14:23:02Z,00:00:24.000,9,SWIM_STROKE_TYPE_UNSPECIFIED
2020-11-03T14:23:38Z,00:00:27.000,11,SWIM_STROKE_TYPE_UNSPECIFIED
2020-11-03T14:24:33Z,00:00:09.000,6,SWIM_STROKE_TYPE_UNSPECIFIED
2020-11-03T14:24:57Z,00:00:40.000,16,SWIM_STROKE_TYPE_UNSPECIFIED
2020-11-03T14:48:56Z,00:00:17.000,7,SWIM_STROKE_TYPE_UNSPECIFIED
2020-11-03T14:49:28Z,00:00:18.000,6,SWIM_STROKE_TYPE_UNSPECIFIED
2020-11-03T15:27:49Z,00:00:22.000,6,SWIM_STROKE_TYPE_UNSPECIFIED
2020-11-03T15:28:29Z,00:00:23.000,6,SWIM_STROKE_TYPE_UNSPECIFIED
2020-11-03T15:47:45Z,00:00:17.000,7,SWIM_STROKE_TYPE_UNSPECIFIED
2020-11-03T15:52:32Z,00:00:10.000,5,SWIM_STROKE_TYPE_UNSPECIFIED
2020-11-03T15:53:58Z,00:00:19.000,6,SWIM_STROKE_TYPE_UNSPECIFIED
2020-11-03T15:54:31Z,00:00:25.000,6,SWIM_STROKE_TYPE_UNSPECIFIED
2020-11-03T15:55:32Z,00:00:20.000,5,SWIM_STROKE_TYPE_UNSPECIFIED
2020-11-03T15:56:08Z,00:00:27.000,9,SWIM_STROKE_TYPE_UNSPECIFIED
2020-11-03T15:56:47Z,00:00:24.000,8,SWIM_STROKE_TYPE_UNSPECIFIED
2020-11-03T18:04:54Z,00:00:21.000,5,SWIM_STROKE_TYPE_UNSPECIFIED
2020-11-03T18:48:12Z,00:00:36.000,5,SWIM_STROKE_TYPE_UNSPECIFIED
2020-11-03T18:49:40Z,00:00:46.000,7,SWIM_STROKE_TYPE_UNSPECIFIED
2020-11-03T18:54:32Z,00:00:33.000,6,SWIM_STROKE_TYPE_UNSPECIFIED
2020-11-03T18:58:26Z,00:00:20.000,6,SWIM_STROKE_TYPE_UNSPECIFIED
2020-11-03T19:05:19Z,00:00:28.000,5,SWIM_STROKE_TYPE_UNSPECIFIED
2020-11-03T19:07:58Z,00:00:41.000,8,SWIM_STROKE_TYPE_UNSPECIFIED
2020-11-03T21:11:12Z,00:00:42.000,8,SWIM_STROKE_TYPE_UNSPECIFIED
2020-11-03T21:20:40Z,00:00:37.000,5,SWIM_STROKE_TYPE_UNSPECIFIED
2020-11-03T21:22:05Z,00:00:34.000,5,SWIM_STROKE_TYPE_UNSPECIFIED
2020-11-03T21:27:30Z,00:00:38.000,8,SWIM_STROKE_TYPE_UNSPECIFIED
2020-11-03T21:30:06Z,00:00:25.000,5,SWIM_STROKE_TYPE_UNSPECIFIED
2020-11-03T21:31:31Z,00:00:26.000,5,SWIM_STROKE_TYPE_UNSPECIFIED
2020-11-03T21:32:17Z,00:00:32.000,11,SWIM_STROKE_TYPE_UNSPECIFIED
2020-11-03T21:33:24Z,00:00:21.000,6,SWIM_STROKE_TYPE_UNSPECIFIED
2020-11-03T21:35:31Z,00:00:22.000,5,SWIM_STROKE_TYPE_UNSPECIFIED
2020-11-03T21:36:29Z,00:00:29.000,5,SWIM_STROKE_TYPE_UNSPECIFIED
2020-11-03T21:38:21Z,00:00:42.000,8,SWIM_STROKE_TYPE_UNSPECIFIED
2020-11-03T21:40:18Z,00:00:24.000,6,SWIM_STROKE_TYPE_UNSPECIFIED
2020-11-03T21:43:13Z,00:00:23.000,5,SWIM_STROKE_TYPE_UNSPECIFIED
2020-11-03T21:43:52Z,00:00:42.000,5,SWIM_STROKE_TYPE_UNSPECIFIED
2020-11-03T21:45:47Z,00:00:47.000,5,SWIM_STROKE_TYPE_UNSPECIFIED
2020-11-03T21:53:13Z,00:00:49.000,5,SWIM_STROKE_TYPE_UNSPECIFIED
2020-11-03T21:54:04Z,00:00:49.000,5,SWIM_STROKE_TYPE_UNSPECIFIED
2020-11-03T21:57:06Z,00:00:23.000,5,SWIM_STROKE_TYPE_UNSPECIFIED
2020-11-03T22:35:19Z,00:00:36.000,5,SWIM_STROKE_TYPE_UNSPECIFIED
2020-11-03T22:49:20Z,00:00:37.000,7,SWIM_STROKE_TYPE_UNSPECIFIED
2020-11-03T23:09:07Z,00:00:22.000,5,SWIM_STROKE_TYPE_UNSPECIFIED
2020-11-03T23:10:31Z,00:00:39.000,6,SWIM_STROKE_TYPE_UNSPECIFIED
2020-11-03T23:12:07Z,00:00:43.000,7,SWIM_STROKE_TYPE_UNSPECIFIED
2020-11-03T23:13:12Z,00:00:42.000,8,SWIM_STROKE_TYPE_UNSPECIFIED
2020-11-03T23:17:05Z,00:00:37.000,5,SWIM_STROKE_TYPE_UNSPECIFIED
2020-11-03T23:18:29Z,00:00:45.000,7,SWIM_STROKE_TYPE_UNSPECIFIED
2020-11-03T23:20:25Z,00:00:54.000,11,SWIM_STROKE_TYPE_UNSPECIFIED
2020-11-03T23:26:56Z,00:00:23.000,9,SWIM_STROKE_TYPE_UNSPECIFIED
2020-11-04T00:46:29Z,00:00:13.000,5,SWIM_STROKE_TYPE_UNSPECIFIED
2020-11-04T02:42:32Z,00:00:23.000,5,SWIM_STROKE_TYPE_UNSPECIFIED
2020-11-04T02:45:14Z,00:00:17.000,6,SWIM_STROKE_TYPE_UNSPECIFIED
2020-11-04T03:18:28Z,00:00:22.000,5,SWIM_STROKE_TYPE_UNSPECIFIED
2020-11-04T03:31:30Z,00:00:35.000,6,SWIM_STROKE_TYPE_UNSPECIFIED
2020-11-04T03:32:29Z,00:00:28.000,5,SWIM_STROKE_TYPE_UNSPECIFIED
2020-11-04T13:33:02Z,00:00:27.000,7,SWIM_STROKE_TYPE_UNSPECIFIED
2020-11-04T13:35:47Z,00:00:19.000,7,SWIM_STROKE_TYPE_UNSPECIFIED
2020-11-04T13:50:31Z,00:00:42.000,12,SWIM_STROKE_TYPE_UNSPECIFIED
2020-11-04T13:52:17Z,00:00:27.000,11,SWIM_STROKE_TYPE_UNSPECIFIED
2020-11-04T13:52:59Z,00:00:15.000,8,SWIM_STROKE_TYPE_UNSPECIFIED
2020-11-04T14:05:48Z,00:00:17.000,5,SWIM_STROKE_TYPE_UNSPECIFIED
2020-11-04T14:06:13Z,00:00:21.000,7,SWIM_STROKE_TYPE_UNSPECIFIED
2020-11-04T14:07:03Z,00:00:16.000,7,SWIM_STROKE_TYPE_UNSPECIFIED
2020-11-04T14:08:07Z,00:00:16.000,6,SWIM_STROKE_TYPE_UNSPECIFIED
2020-11-04T14:09:12Z,00:00:23.000,7,SWIM_STROKE_TYPE_UNSPECIFIED
2020-11-04T15:07:18Z,00:00:14.000,6,SWIM_STROKE_TYPE_UNSPECIFIED
2020-11-04T15:09:22Z,00:00:14.000,5,SWIM_STROKE_TYPE_UNSPECIFIED
2020-11-04T15:27:26Z,00:00:18.000,5,SWIM_STROKE_TYPE_UNSPECIFIED
2020-11-04T15:28:46Z,00:00:33.000,7,SWIM_STROKE_TYPE_UNSPECIFIED
2020-11-04T15:47:11Z,00:00:53.000,16,SWIM_STROKE_TYPE_UNSPECIFIED
2020-11-04T15:55:23Z,00:00:17.000,10,SWIM_STROKE_TYPE_UNSPECIFIED
2020-11-04T16:06:00Z,00:00:10.000,6,SWIM_STROKE_TYPE_UNSPECIFIED
2020-11-04T19:54:20Z,00:00:15.000,5,SWIM_STROKE_TYPE_UNSPECIFIED
2020-11-04T19:56:17Z,00:00:29.000,5,SWIM_STROKE_TYPE_UNSPECIFIED
2020-11-04T20:22:13Z,00:00:43.000,5,SWIM_STROKE_TYPE_UNSPECIFIED
2020-11-04T20:23:59Z,00:00:47.000,8,SWIM_STROKE_TYPE_UNSPECIFIED
2020-11-04T21:10:51Z,00:00:43.000,6,SWIM_STROKE_TYPE_UNSPECIFIED
2020-11-04T21:39:16Z,00:00:52.000,13,SWIM_STROKE_TYPE_UNSPECIFIED
2020-11-04T22:15:44Z,00:00:14.000,5,SWIM_STROKE_TYPE_UNSPECIFIED
2020-11-04T23:43:44Z,00:00:15.000,5,SWIM_STROKE_TYPE_UNSPECIFIED
2020-11-05T03:01:04Z,00:00:08.000,5,SWIM_STROKE_TYPE_UNSPECIFIED
2020-11-05T19:00:18Z,00:00:11.000,5,SWIM_STROKE_TYPE_UNSPECIFIED
2020-11-05T20:40:10Z,00:00:13.000,5,SWIM_STROKE_TYPE_UNSPECIFIED
2020-11-05T22:33:00Z,00:00:20.000,7,SWIM_STROKE_TYPE_UNSPECIFIED
2020-11-05T22:35:46Z,00:00:24.000,8,SWIM_STROKE_TYPE_UNSPECIFIED
2020-11-05T22:41:36Z,00:00:24.000,6,SWIM_STROKE_TYPE_UNSPECIFIED
2020-11-05T23:06:32Z,00:00:18.000,6,SWIM_STROKE_TYPE_UNSPECIFIED
2020-11-05T23:58:44Z,00:00:26.000,7,SWIM_STROKE_TYPE_UNSPECIFIED
2020-11-06T00:52:12Z,00:00:32.000,6,SWIM_STROKE_TYPE_UNSPECIFIED
2020-11-06T00:55:17Z,00:00:41.000,7,SWIM_STROKE_TYPE_UNSPECIFIED
2020-11-06T01:34:01Z,00:00:20.000,5,SWIM_STROKE_TYPE_UNSPECIFIED
2020-11-06T03:59:29Z,00:00:45.000,5,SWIM_STROKE_TYPE_UNSPECIFIED
2020-11-06T04:09:37Z,00:00:39.000,6,SWIM_STROKE_TYPE_UNSPECIFIED
2020-11-06T04:11:31Z,00:00:34.000,8,SWIM_STROKE_TYPE_UNSPECIFIED
2020-11-06T04:12:26Z,00:00:30.000,6,SWIM_STROKE_TYPE_UNSPECIFIED
2020-11-06T12:49:36Z,00:00:30.000,13,SWIM_STROKE_TYPE_UNSPECIFIED
2020-11-06T13:39:31Z,00:00:16.000,6,SWIM_STROKE_TYPE_UNSPECIFIED
2020-11-06T14:22:56Z,00:00:25.000,5,SWIM_STROKE_TYPE_UNSPECIFIED
2020-11-06T14:23:53Z,00:00:37.000,6,SWIM_STROKE_TYPE_UNSPECIFIED
2020-11-06T14:26:25Z,00:00:30.000,5,SWIM_STROKE_TYPE_UNSPECIFIED
2020-11-06T14:27:01Z,00:00:11.000,5,SWIM_STROKE_TYPE_UNSPECIFIED
2020-11-06T14:46:29Z,00:00:15.000,5,SWIM_STROKE_TYPE_UNSPECIFIED
2020-11-06T14:47:06Z,00:00:25.000,9,SWIM_STROKE_TYPE_UNSPECIFIED
2020-11-06T14:48:08Z,00:00:10.000,6,SWIM_STROKE_TYPE_UNSPECIFIED
2020-11-06T14:49:07Z,00:00:27.000,8,SWIM_STROKE_TYPE_UNSPECIFIED
2020-11-06T14:49:52Z,00:00:20.000,8,SWIM_STROKE_TYPE_UNSPECIFIED
2020-11-06T14:50:37Z,00:00:11.000,6,SWIM_STROKE_TYPE_UNSPECIFIED
2020-11-06T14:51:14Z,00:00:10.000,6,SWIM_STROKE_TYPE_UNSPECIFIED
2020-11-06T14:52:47Z,00:00:19.000,9,SWIM_STROKE_TYPE_UNSPECIFIED
2020-11-06T14:54:12Z,00:00:23.000,8,SWIM_STROKE_TYPE_UNSPECIFIED
2020-11-06T15:30:28Z,00:00:08.000,6,SWIM_STROKE_TYPE_UNSPECIFIED
2020-11-06T15:51:05Z,00:00:16.000,6,SWIM_STROKE_TYPE_UNSPECIFIED
2020-11-06T15:51:48Z,00:00:14.000,7,SWIM_STROKE_TYPE_UNSPECIFIED
2020-11-06T15:53:55Z,00:00:13.000,8,SWIM_STROKE_TYPE_UNSPECIFIED
2020-11-06T15:54:15Z,00:00:17.000,5,SWIM_STROKE_TYPE_UNSPECIFIED
2020-11-06T15:55:12Z,00:00:11.000,5,SWIM_STROKE_TYPE_UNSPECIFIED
2020-11-06T15:56:12Z,00:00:17.000,7,SWIM_STROKE_TYPE_UNSPECIFIED
2020-11-06T15:56:42Z,00:00:15.000,6,SWIM_STROKE_TYPE_UNSPECIFIED
2020-11-06T15:59:09Z,00:00:21.000,7,SWIM_STROKE_TYPE_UNSPECIFIED
2020-11-06T15:59:43Z,00:00:17.000,10,SWIM_STROKE_TYPE_UNSPECIFIED
2020-11-06T16:44:36Z,00:00:13.000,6,SWIM_STROKE_TYPE_UNSPECIFIED
2020-11-06T18:51:58Z,00:00:14.000,5,SWIM_STROKE_TYPE_UNSPECIFIED
2020-11-06T20:31:28Z,00:00:24.000,7,SWIM_STROKE_TYPE_UNSPECIFIED
2020-11-06T21:43:59Z,00:00:18.000,5,SWIM_STROKE_TYPE_UNSPECIFIED
2020-11-06T22:47:27Z,00:00:26.000,5,SWIM_STROKE_TYPE_UNSPECIFIED
2020-11-06T22:51:03Z,00:00:32.000,5,SWIM_STROKE_TYPE_UNSPECIFIED
2020-11-06T23:00:19Z,00:00:23.000,6,SWIM_STROKE_TYPE_UNSPECIFIED
2020-11-06T23:11:06Z,00:00:15.000,7,SWIM_STROKE_TYPE_UNSPECIFIED
2020-11-07T13:34:16Z,00:00:27.000,10,SWIM_STROKE_TYPE_UNSPECIFIED
2020-11-07T13:36:14Z,00:00:17.000,5,SWIM_STROKE_TYPE_UNSPECIFIED
2020-11-07T15:30:52Z,00:00:25.000,6,SWIM_STROKE_TYPE_UNSPECIFIED
2020-11-07T15:51:43Z,00:00:25.000,5,SWIM_STROKE_TYPE_UNSPECIFIED
2020-11-07T15:52:19Z,00:00:23.000,8,SWIM_STROKE_TYPE_UNSPECIFIED
2020-11-07T16:22:37Z,00:00:25.000,5,SWIM_STROKE_TYPE_UNSPECIFIED
2020-11-07T16:30:14Z,00:00:22.000,12,SWIM_STROKE_TYPE_UNSPECIFIED
2020-11-07T16:30:48Z,00:00:19.000,8,SWIM_STROKE_TYPE_UNSPECIFIED
2020-11-07T16:33:46Z,00:00:14.000,5,SWIM_STROKE_TYPE_UNSPECIFIED
2020-11-07T16:53:13Z,00:00:17.000,7,SWIM_STROKE_TYPE_UNSPECIFIED
2020-11-07T17:13:38Z,00:00:15.000,5,SWIM_STROKE_TYPE_UNSPECIFIED
2020-11-07T18:23:53Z,00:00:21.000,6,SWIM_STROKE_TYPE_UNSPECIFIED
2020-11-07T18:24:39Z,00:00:21.000,5,SWIM_STROKE_TYPE_UNSPECIFIED
2020-11-07T18:25:32Z,00:00:32.000,5,SWIM_STROKE_TYPE_UNSPECIFIED
2020-11-07T18:26:21Z,00:00:43.000,10,SWIM_STROKE_TYPE_UNSPECIFIED
2020-11-07T18:27:15Z,00:00:24.000,5,SWIM_STROKE_TYPE_UNSPECIFIED
2020-11-07T18:43:16Z,00:00:36.000,9,SWIM_STROKE_TYPE_UNSPECIFIED
2020-11-07T18:47:14Z,00:00:33.000,10,SWIM_STROKE_TYPE_UNSPECIFIED
2020-11-07T18:53:38Z,00:00:22.000,11,SWIM_STROKE_TYPE_UNSPECIFIED
2020-11-07T18:54:16Z,00:00:19.000,10,SWIM_STROKE_TYPE_UNSPECIFIED
2020-11-07T18:57:08Z,00:00:16.000,6,SWIM_STROKE_TYPE_UNSPECIFIED
2020-11-07T18:58:07Z,00:00:22.000,11,SWIM_STROKE_TYPE_UNSPECIFIED
2020-11-07T19:36:34Z,00:00:14.000,5,SWIM_STROKE_TYPE_UNSPECIFIED
2020-11-07T19:37:33Z,00:00:25.000,6,SWIM_STROKE_TYPE_UNSPECIFIED
2020-11-07T19:41:36Z,00:00:46.000,7,SWIM_STROKE_TYPE_UNSPECIFIED
2020-11-07T19:42:24Z,00:00:46.000,9,SWIM_STROKE_TYPE_UNSPECIFIED
2020-11-07T19:43:20Z,00:00:49.000,10,SWIM_STROKE_TYPE_UNSPECIFIED
2020-11-07T19:44:50Z,00:00:11.000,5,SWIM_STROKE_TYPE_UNSPECIFIED
2020-11-07T19:59:11Z,00:00:15.000,5,SWIM_STROKE_TYPE_UNSPECIFIED
2020-11-07T19:59:59Z,00:00:20.000,5,SWIM_STROKE_TYPE_UNSPECIFIED
2020-11-07T20:03:14Z,00:00:22.000,6,SWIM_STROKE_TYPE_UNSPECIFIED
2020-11-07T20:04:25Z,00:00:33.000,13,SWIM_STROKE_TYPE_UNSPECIFIED
2020-11-07T20:05:24Z,00:00:26.000,6,SWIM_STROKE_TYPE_UNSPECIFIED
2020-11-07T20:10:44Z,00:00:22.000,5,SWIM_STROKE_TYPE_UNSPECIFIED
2020-11-07T20:25:00Z,00:00:45.000,10,SWIM_STROKE_TYPE_UNSPECIFIED
2020-11-07T20:30:12Z,00:00:22.000,6,SWIM_STROKE_TYPE_UNSPECIFIED
2020-11-07T20:31:40Z,00:00:27.000,7,SWIM_STROKE_TYPE_UNSPECIFIED
2020-11-07T21:03:06Z,00:00:10.000,5,SWIM_STROKE_TYPE_UNSPECIFIED
2020-11-07T21:05:15Z,00:00:16.000,5,SWIM_STROKE_TYPE_UNSPECIFIED
2020-11-07T21:18:56Z,00:00:14.000,5,SWIM_STROKE_TYPE_UNSPECIFIED
2020-11-07T23:37:04Z,00:00:17.000,5,SWIM_STROKE_TYPE_UNSPECIFIED
2020-11-08T00:19:46Z,00:00:25.000,5,SWIM_STROKE_TYPE_UNSPECIFIED
2020-11-08T03:02:11Z,00:00:31.000,6,SWIM_STROKE_TYPE_UNSPECIFIED
2020-11-08T03:03:20Z,00:00:34.000,7,SWIM_STROKE_TYPE_UNSPECIFIED
2020-11-08T03:48:17Z,00:00:25.000,5,SWIM_STROKE_TYPE_UNSPECIFIED
2020-11-08T04:25:15Z,00:00:32.000,8,SWIM_STROKE_TYPE_UNSPECIFIED
2020-11-08T05:51:32Z,00:00:40.000,7,SWIM_STROKE_TYPE_UNSPECIFIED
2020-11-08T05:57:13Z,00:00:26.000,5,SWIM_STROKE_TYPE_UNSPECIFIED
2020-11-08T13:41:14Z,00:00:44.000,11,SWIM_STROKE_TYPE_UNSPECIFIED
2020-11-08T13:43:59Z,00:00:17.000,6,SWIM_STROKE_TYPE_UNSPECIFIED
2020-11-08T13:58:20Z,00:00:19.000,6,SWIM_STROKE_TYPE_UNSPECIFIED
2020-11-08T14:04:25Z,00:00:26.000,6,SWIM_STROKE_TYPE_UNSPECIFIED
2020-11-08T14:05:27Z,00:00:31.000,8,SWIM_STROKE_TYPE_UNSPECIFIED
2020-11-08T14:24:15Z,00:00:19.000,10,SWIM_STROKE_TYPE_UNSPECIFIED
2020-11-08T14:24:40Z,00:00:14.000,6,SWIM_STROKE_TYPE_UNSPECIFIED
2020-11-08T14:25:12Z,00:00:08.000,6,SWIM_STROKE_TYPE_UNSPECIFIED
2020-11-08T14:25:41Z,00:00:11.000,6,SWIM_STROKE_TYPE_UNSPECIFIED
2020-11-08T14:25:57Z,00:00:16.000,7,SWIM_STROKE_TYPE_UNSPECIFIED
2020-11-08T14:26:21Z,00:00:57.000,26,SWIM_STROKE_TYPE_UNSPECIFIED
2020-11-08T15:02:09Z,00:00:08.000,7,SWIM_STROKE_TYPE_UNSPECIFIED
2020-11-08T15:02:25Z,00:00:46.000,23,SWIM_STROKE_TYPE_UNSPECIFIED
2020-11-08T15:03:17Z,00:00:17.000,10,SWIM_STROKE_TYPE_UNSPECIFIED
2020-11-08T15:04:41Z,00:00:20.000,9,SWIM_STROKE_TYPE_UNSPECIFIED
2020-11-08T15:11:54Z,00:00:11.000,5,SWIM_STROKE_TYPE_UNSPECIFIED
2020-11-08T17:36:26Z,00:00:14.000,5,SWIM_STROKE_TYPE_UNSPECIFIED
2020-11-08T17:39:24Z,00:00:29.000,7,SWIM_STROKE_TYPE_UNSPECIFIED
2020-11-08T17:40:21Z,00:00:19.000,6,SWIM_STROKE_TYPE_UNSPECIFIED
2020-11-08T17:43:37Z,00:00:12.000,5,SWIM_STROKE_TYPE_UNSPECIFIED
2020-11-08T17:45:22Z,00:00:33.000,12,SWIM_STROKE_TYPE_UNSPECIFIED
2020-11-08T17:46:25Z,00:00:32.000,11,SWIM_STROKE_TYPE_UNSPECIFIED
2020-11-08T17:47:11Z,00:00:08.000,6,SWIM_STROKE_TYPE_UNSPECIFIED
2020-11-08T17:49:10Z,00:00:13.000,7,SWIM_STROKE_TYPE_UNSPECIFIED
2020-11-08T17:50:36Z,00:00:21.000,7,SWIM_STROKE_TYPE_UNSPECIFIED
2020-11-08T18:13:24Z,00:00:16.000,5,SWIM_STROKE_TYPE_UNSPECIFIED
2020-11-08T18:18:51Z,00:00:25.000,5,SWIM_STROKE_TYPE_UNSPECIFIED
2020-11-08T18:40:16Z,00:00:22.000,5,SWIM_STROKE_TYPE_UNSPECIFIED
2020-11-08T18:46:20Z,00:00:25.000,5,SWIM_STROKE_TYPE_UNSPECIFIED
2020-11-08T19:14:58Z,00:00:52.000,11,SWIM_STROKE_TYPE_UNSPECIFIED
2020-11-08T19:16:25Z,00:00:22.000,5,SWIM_STROKE_TYPE_UNSPECIFIED
2020-11-08T19:17:39Z,00:00:29.000,9,SWIM_STROKE_TYPE_UNSPECIFIED
2020-11-08T19:41:18Z,00:00:10.000,5,SWIM_STROKE_TYPE_UNSPECIFIED
2020-11-08T20:00:10Z,00:00:11.000,5,SWIM_STROKE_TYPE_UNSPECIFIED
2020-11-08T22:27:31Z,00:00:13.000,5,SWIM_STROKE_TYPE_UNSPECIFIED
2020-11-09T01:24:43Z,00:00:07.000,5,SWIM_STROKE_TYPE_UNSPECIFIED
2020-11-09T13:54:47Z,00:00:12.000,5,SWIM_STROKE_TYPE_UNSPECIFIED
2020-11-09T13:56:21Z,00:00:17.000,7,SWIM_STROKE_TYPE_UNSPECIFIED
2020-11-09T13:59:15Z,00:00:09.000,6,SWIM_STROKE_TYPE_UNSPECIFIED
2020-11-09T13:59:30Z,00:00:11.000,5,SWIM_STROKE_TYPE_UNSPECIFIED
2020-11-09T13:59:49Z,00:00:24.000,10,SWIM_STROKE_TYPE_UNSPECIFIED
2020-11-09T14:00:22Z,00:00:12.000,7,SWIM_STROKE_TYPE_UNSPECIFIED
2020-11-09T14:00:48Z,00:00:10.000,5,SWIM_STROKE_TYPE_UNSPECIFIED
2020-11-09T14:01:18Z,00:00:20.000,7,SWIM_STROKE_TYPE_UNSPECIFIED
2020-11-09T14:01:42Z,00:00:10.000,9,SWIM_STROKE_TYPE_UNSPECIFIED
2020-11-09T14:07:19Z,00:00:14.000,6,SWIM_STROKE_TYPE_UNSPECIFIED
2020-11-09T14:07:50Z,00:00:30.000,11,SWIM_STROKE_TYPE_UNSPECIFIED
2020-11-09T14:08:26Z,00:00:19.000,9,SWIM_STROKE_TYPE_UNSPECIFIED
2020-11-09T14:08:57Z,00:00:10.000,7,SWIM_STROKE_TYPE_UNSPECIFIED
2020-11-09T14:09:19Z,00:00:54.000,22,SWIM_STROKE_TYPE_UNSPECIFIED
2020-11-09T14:10:20Z,00:00:13.000,6,SWIM_STROKE_TYPE_UNSPECIFIED
2020-11-09T14:11:55Z,00:00:09.000,5,SWIM_STROKE_TYPE_UNSPECIFIED
2020-11-09T14:21:53Z,00:00:10.000,7,SWIM_STROKE_TYPE_UNSPECIFIED
2020-11-09T14:22:47Z,00:00:19.000,7,SWIM_STROKE_TYPE_UNSPECIFIED
2020-11-09T14:23:16Z,00:00:09.000,6,SWIM_STROKE_TYPE_UNSPECIFIED
2020-11-09T14:23:54Z,00:00:08.000,6,SWIM_STROKE_TYPE_UNSPECIFIED
2020-11-09T14:25:45Z,00:00:32.000,15,SWIM_STROKE_TYPE_UNSPECIFIED
2020-11-09T14:32:08Z,00:00:10.000,5,SWIM_STROKE_TYPE_UNSPECIFIED
2020-11-09T14:34:46Z,00:00:08.000,5,SWIM_STROKE_TYPE_UNSPECIFIED
2020-11-09T16:21:31Z,00:00:11.000,7,SWIM_STROKE_TYPE_UNSPECIFIED
2020-11-09T16:23:34Z,00:00:11.000,6,SWIM_STROKE_TYPE_UNSPECIFIED
2020-11-09T16:23:54Z,00:00:21.000,7,SWIM_STROKE_TYPE_UNSPECIFIED
2020-11-09T16:26:05Z,00:00:19.000,10,SWIM_STROKE_TYPE_UNSPECIFIED
2020-11-09T19:11:06Z,00:00:18.000,5,SWIM_STROKE_TYPE_UNSPECIFIED
2020-11-09T20:08:48Z,00:00:28.000,8,SWIM_STROKE_TYPE_UNSPECIFIED
2020-11-09T20:40:36Z,00:00:29.000,5,SWIM_STROKE_TYPE_UNSPECIFIED
2020-11-09T20:41:50Z,00:00:29.000,6,SWIM_STROKE_TYPE_UNSPECIFIED
2020-11-09T20:43:52Z,00:00:20.000,7,SWIM_STROKE_TYPE_UNSPECIFIED
2020-11-09T21:03:36Z,00:00:34.000,10,SWIM_STROKE_TYPE_UNSPECIFIED
2020-11-09T21:05:30Z,00:00:16.000,5,SWIM_STROKE_TYPE_UNSPECIFIED
2020-11-09T21:57:33Z,00:00:21.000,5,SWIM_STROKE_TYPE_UNSPECIFIED
2020-11-09T21:59:44Z,00:00:35.000,12,SWIM_STROKE_TYPE_UNSPECIFIED
2020-11-09T22:01:54Z,00:00:19.000,10,SWIM_STROKE_TYPE_UNSPECIFIED
2020-11-09T22:02:25Z,00:00:18.000,6,SWIM_STROKE_TYPE_UNSPECIFIED
2020-11-10T00:14:27Z,00:00:10.000,5,SWIM_STROKE_TYPE_UNSPECIFIED
2020-11-10T00:22:41Z,00:00:11.000,6,SWIM_STROKE_TYPE_UNSPECIFIED
2020-11-10T13:10:23Z,00:00:19.000,6,SWIM_STROKE_TYPE_UNSPECIFIED
2020-11-10T14:00:37Z,00:00:22.000,6,SWIM_STROKE_TYPE_UNSPECIFIED
2020-11-10T14:11:20Z,00:00:07.000,5,SWIM_STROKE_TYPE_UNSPECIFIED
2020-11-10T14:14:28Z,00:00:09.000,5,SWIM_STROKE_TYPE_UNSPECIFIED
2020-11-10T14:15:43Z,00:00:08.000,6,SWIM_STROKE_TYPE_UNSPECIFIED
2020-11-10T14:16:10Z,00:00:10.000,5,SWIM_STROKE_TYPE_UNSPECIFIED
2020-11-10T14:16:29Z,00:00:17.000,9,SWIM_STROKE_TYPE_UNSPECIFIED
2020-11-10T14:17:13Z,00:00:23.000,9,SWIM_STROKE_TYPE_UNSPECIFIED
2020-11-10T14:23:00Z,00:00:18.000,9,SWIM_STROKE_TYPE_UNSPECIFIED
2020-11-10T14:31:30Z,00:00:09.000,5,SWIM_STROKE_TYPE_UNSPECIFIED
2020-11-10T14:34:34Z,00:00:20.000,11,SWIM_STROKE_TYPE_UNSPECIFIED
2020-11-10T14:35:59Z,00:00:11.000,7,SWIM_STROKE_TYPE_UNSPECIFIED
2020-11-10T14:36:35Z,00:00:14.000,6,SWIM_STROKE_TYPE_UNSPECIFIED
2020-11-10T14:52:41Z,00:00:11.000,5,SWIM_STROKE_TYPE_UNSPECIFIED
2020-11-10T14:53:55Z,00:00:16.000,5,SWIM_STROKE_TYPE_UNSPECIFIED
2020-11-10T14:57:47Z,00:00:12.000,6,SWIM_STROKE_TYPE_UNSPECIFIED
2020-11-10T15:39:51Z,00:00:13.000,8,SWIM_STROKE_TYPE_UNSPECIFIED
2020-11-10T15:42:05Z,00:00:20.000,9,SWIM_STROKE_TYPE_UNSPECIFIED
2020-11-10T15:43:03Z,00:00:13.000,5,SWIM_STROKE_TYPE_UNSPECIFIED
2020-11-10T15:44:45Z,00:00:27.000,11,SWIM_STROKE_TYPE_UNSPECIFIED
2020-11-10T15:45:34Z,00:00:27.000,9,SWIM_STROKE_TYPE_UNSPECIFIED
2020-11-10T21:30:55Z,00:00:16.000,5,SWIM_STROKE_TYPE_UNSPECIFIED
2020-11-10T21:53:01Z,00:00:36.000,9,SWIM_STROKE_TYPE_UNSPECIFIED
2020-11-10T22:04:49Z,00:00:26.000,7,SWIM_STROKE_TYPE_UNSPECIFIED
2020-11-10T22:20:51Z,00:00:25.000,8,SWIM_STROKE_TYPE_UNSPECIFIED
2020-11-10T22:30:21Z,00:00:24.000,5,SWIM_STROKE_TYPE_UNSPECIFIED
2020-11-10T22:31:04Z,00:00:24.000,7,SWIM_STROKE_TYPE_UNSPECIFIED
2020-11-10T22:43:23Z,00:00:11.000,5,SWIM_STROKE_TYPE_UNSPECIFIED
2020-11-10T22:58:28Z,00:00:15.000,5,SWIM_STROKE_TYPE_UNSPECIFIED
2020-11-10T23:23:53Z,00:00:16.000,5,SWIM_STROKE_TYPE_UNSPECIFIED
2020-11-11T00:47:40Z,00:00:25.000,6,SWIM_STROKE_TYPE_UNSPECIFIED
2020-11-11T01:56:58Z,00:00:29.000,5,SWIM_STROKE_TYPE_UNSPECIFIED
2020-11-11T02:48:13Z,00:00:47.000,7,SWIM_STROKE_TYPE_UNSPECIFIED
2020-11-11T03:41:46Z,00:00:33.000,5,SWIM_STROKE_TYPE_UNSPECIFIED
2020-11-11T03:42:23Z,00:00:33.000,5,SWIM_STROKE_TYPE_UNSPECIFIED
2020-11-11T03:56:30Z,00:00:46.000,7,SWIM_STROKE_TYPE_UNSPECIFIED
2020-11-11T03:57:28Z,00:00:45.000,12,SWIM_STROKE_TYPE_UNSPECIFIED
2020-11-11T03:58:59Z,00:00:33.000,6,SWIM_STROKE_TYPE_UNSPECIFIED
2020-11-11T13:24:13Z,00:00:37.000,7,SWIM_STROKE_TYPE_UNSPECIFIED
2020-11-11T13:25:14Z,00:00:16.000,5,SWIM_STROKE_TYPE_UNSPECIFIED
2020-11-11T13:25:36Z,00:00:19.000,6,SWIM_STROKE_TYPE_UNSPECIFIED
2020-11-11T13:27:24Z,00:00:15.000,6,SWIM_STROKE_TYPE_UNSPECIFIED
2020-11-11T13:41:33Z,00:00:32.000,9,SWIM_STROKE_TYPE_UNSPECIFIED
2020-11-11T14:10:25Z,00:00:18.000,7,SWIM_STROKE_TYPE_UNSPECIFIED
2020-11-11T14:47:54Z,00:00:11.000,6,SWIM_STROKE_TYPE_UNSPECIFIED
2020-11-11T14:48:48Z,00:00:13.000,6,SWIM_STROKE_TYPE_UNSPECIFIED
2020-11-11T14:49:09Z,00:00:11.000,6,SWIM_STROKE_TYPE_UNSPECIFIED
2020-11-11T15:01:26Z,00:00:15.000,7,SWIM_STROKE_TYPE_UNSPECIFIED
2020-11-11T15:02:20Z,00:00:13.000,8,SWIM_STROKE_TYPE_UNSPECIFIED
2020-11-11T15:03:08Z,00:00:24.000,9,SWIM_STROKE_TYPE_UNSPECIFIED
2020-11-11T15:15:18Z,00:00:15.000,9,SWIM_STROKE_TYPE_UNSPECIFIED
2020-11-11T15:16:04Z,00:00:27.000,10,SWIM_STROKE_TYPE_UNSPECIFIED
2020-11-11T15:16:45Z,00:00:31.000,10,SWIM_STROKE_TYPE_UNSPECIFIED
2020-11-11T15:19:07Z,00:00:18.000,9,SWIM_STROKE_TYPE_UNSPECIFIED
2020-11-11T15:27:20Z,00:00:11.000,5,SWIM_STROKE_TYPE_UNSPECIFIED
2020-11-11T15:29:03Z,00:00:12.000,5,SWIM_STROKE_TYPE_UNSPECIFIED
2020-11-11T16:10:06Z,00:00:22.000,6,SWIM_STROKE_TYPE_UNSPECIFIED
2020-11-11T16:13:41Z,00:00:43.000,12,SWIM_STROKE_TYPE_UNSPECIFIED
2020-11-11T17:09:33Z,00:00:16.000,5,SWIM_STROKE_TYPE_UNSPECIFIED
2020-11-11T17:10:13Z,00:00:32.000,8,SWIM_STROKE_TYPE_UNSPECIFIED
2020-11-11T17:21:40Z,00:00:29.000,12,SWIM_STROKE_TYPE_UNSPECIFIED
2020-11-11T17:22:44Z,00:00:09.000,5,SWIM_STROKE_TYPE_UNSPECIFIED
2020-11-11T17:23:00Z,00:00:12.000,5,SWIM_STROKE_TYPE_UNSPECIFIED
2020-11-11T17:24:24Z,00:00:19.000,5,SWIM_STROKE_TYPE_UNSPECIFIED
2020-11-11T17:24:57Z,00:00:18.000,6,SWIM_STROKE_TYPE_UNSPECIFIED
2020-11-11T18:17:41Z,00:00:46.000,15,SWIM_STROKE_TYPE_UNSPECIFIED
2020-11-11T18:20:09Z,00:00:17.000,5,SWIM_STROKE_TYPE_UNSPECIFIED
2020-11-11T18:32:26Z,00:00:39.000,7,SWIM_STROKE_TYPE_UNSPECIFIED
2020-11-11T18:35:37Z,00:00:32.000,5,SWIM_STROKE_TYPE_UNSPECIFIED
2020-11-11T20:06:58Z,00:00:23.000,7,SWIM_STROKE_TYPE_UNSPECIFIED
2020-11-11T20:09:03Z,00:00:24.000,6,SWIM_STROKE_TYPE_UNSPECIFIED
2020-11-11T20:19:33Z,00:00:26.000,6,SWIM_STROKE_TYPE_UNSPECIFIED
2020-11-11T20:22:06Z,00:00:26.000,5,SWIM_STROKE_TYPE_UNSPECIFIED
2020-11-11T20:31:08Z,00:00:30.000,6,SWIM_STROKE_TYPE_UNSPECIFIED
2020-11-11T21:21:47Z,00:00:32.000,5,SWIM_STROKE_TYPE_UNSPECIFIED
2020-11-11T21:30:59Z,00:00:50.000,8,SWIM_STROKE_TYPE_UNSPECIFIED
2020-11-11T21:33:01Z,00:00:28.000,5,SWIM_STROKE_TYPE_UNSPECIFIED
2020-11-11T21:48:37Z,00:00:33.000,7,SWIM_STROKE_TYPE_UNSPECIFIED
2020-11-11T21:49:54Z,00:00:25.000,6,SWIM_STROKE_TYPE_UNSPECIFIED
2020-11-11T21:55:35Z,00:00:51.000,7,SWIM_STROKE_TYPE_UNSPECIFIED
2020-11-11T21:57:37Z,00:00:48.000,9,SWIM_STROKE_TYPE_UNSPECIFIED
2020-11-11T21:59:47Z,00:00:37.000,8,SWIM_STROKE_TYPE_UNSPECIFIED
2020-11-11T22:01:35Z,00:00:21.000,5,SWIM_STROKE_TYPE_UNSPECIFIED
2020-11-11T22:02:31Z,00:00:18.000,5,SWIM_STROKE_TYPE_UNSPECIFIED
2020-11-11T22:03:04Z,00:00:33.000,12,SWIM_STROKE_TYPE_UNSPECIFIED
2020-11-11T22:03:43Z,00:00:11.000,6,SWIM_STROKE_TYPE_UNSPECIFIED
2020-11-11T22:19:37Z,00:00:13.000,5,SWIM_STROKE_TYPE_UNSPECIFIED
2020-11-12T01:06:52Z,00:00:15.000,5,SWIM_STROKE_TYPE_UNSPECIFIED
2020-11-12T01:08:49Z,00:00:24.000,7,SWIM_STROKE_TYPE_UNSPECIFIED
2020-11-12T01:10:24Z,00:00:11.000,5,SWIM_STROKE_TYPE_UNSPECIFIED
2020-11-12T12:23:11Z,00:00:19.000,9,SWIM_STROKE_TYPE_UNSPECIFIED
2020-11-12T12:29:06Z,00:00:38.000,13,SWIM_STROKE_TYPE_UNSPECIFIED
2020-11-12T12:32:21Z,00:00:26.000,6,SWIM_STROKE_TYPE_UNSPECIFIED
2020-11-12T12:34:12Z,00:00:40.000,6,SWIM_STROKE_TYPE_UNSPECIFIED
2020-11-12T12:35:12Z,00:00:14.000,5,SWIM_STROKE_TYPE_UNSPECIFIED
2020-11-12T12:58:14Z,00:00:12.000,9,SWIM_STROKE_TYPE_UNSPECIFIED
2020-11-12T13:00:18Z,00:00:14.000,9,SWIM_STROKE_TYPE_UNSPECIFIED
2020-11-12T13:00:41Z,00:00:12.000,6,SWIM_STROKE_TYPE_UNSPECIFIED
2020-11-12T13:01:08Z,00:00:17.000,8,SWIM_STROKE_TYPE_UNSPECIFIED
2020-11-12T13:02:12Z,00:00:18.000,6,SWIM_STROKE_TYPE_UNSPECIFIED
2020-11-12T13:04:22Z,00:00:23.000,7,SWIM_STROKE_TYPE_UNSPECIFIED
2020-11-12T13:04:58Z,00:00:41.000,17,SWIM_STROKE_TYPE_UNSPECIFIED
2020-11-12T13:05:49Z,00:00:34.000,13,SWIM_STROKE_TYPE_UNSPECIFIED
2020-11-12T13:06:28Z,00:00:11.000,5,SWIM_STROKE_TYPE_UNSPECIFIED
2020-11-12T13:06:47Z,00:00:10.000,6,SWIM_STROKE_TYPE_UNSPECIFIED
2020-11-12T13:07:12Z,00:00:07.000,6,SWIM_STROKE_TYPE_UNSPECIFIED
2020-11-12T14:07:40Z,00:00:09.000,5,SWIM_STROKE_TYPE_UNSPECIFIED
2020-11-12T14:26:09Z,00:00:14.000,6,SWIM_STROKE_TYPE_UNSPECIFIED
2020-11-12T14:37:45Z,00:00:12.000,6,SWIM_STROKE_TYPE_UNSPECIFIED
2020-11-12T15:20:45Z,00:00:17.000,6,SWIM_STROKE_TYPE_UNSPECIFIED
2020-11-12T15:27:07Z,00:00:22.000,6,SWIM_STROKE_TYPE_UNSPECIFIED
2020-11-12T15:28:09Z,00:00:15.000,6,SWIM_STROKE_TYPE_UNSPECIFIED
2020-11-12T15:33:23Z,00:00:52.000,20,SWIM_STROKE_TYPE_UNSPECIFIED
2020-11-12T15:36:37Z,00:00:24.000,11,SWIM_STROKE_TYPE_UNSPECIFIED
2020-11-12T15:37:18Z,00:00:12.000,5,SWIM_STROKE_TYPE_UNSPECIFIED
2020-11-12T17:36:07Z,00:00:13.000,7,SWIM_STROKE_TYPE_UNSPECIFIED
2020-11-12T17:45:36Z,00:00:08.000,5,SWIM_STROKE_TYPE_UNSPECIFIED
2020-11-12T17:47:52Z,00:00:11.000,5,SWIM_STROKE_TYPE_UNSPECIFIED
2020-11-12T17:56:02Z,00:00:23.000,8,SWIM_STROKE_TYPE_UNSPECIFIED
2020-11-12T17:58:08Z,00:00:26.000,8,SWIM_STROKE_TYPE_UNSPECIFIED
2020-11-12T18:06:12Z,00:00:12.000,5,SWIM_STROKE_TYPE_UNSPECIFIED
2020-11-12T18:09:50Z,00:00:16.000,6,SWIM_STROKE_TYPE_UNSPECIFIED
2020-11-12T18:15:43Z,00:00:19.000,6,SWIM_STROKE_TYPE_UNSPECIFIED
2020-11-12T18:51:11Z,00:00:19.000,6,SWIM_STROKE_TYPE_UNSPECIFIED
2020-11-12T18:53:08Z,00:00:16.000,6,SWIM_STROKE_TYPE_UNSPECIFIED
2020-11-12T18:57:17Z,00:00:15.000,5,SWIM_STROKE_TYPE_UNSPECIFIED
2020-11-12T18:58:20Z,00:00:17.000,6,SWIM_STROKE_TYPE_UNSPECIFIED
2020-11-12T18:59:34Z,00:00:20.000,6,SWIM_STROKE_TYPE_UNSPECIFIED
2020-11-12T20:43:56Z,00:00:20.000,8,SWIM_STROKE_TYPE_UNSPECIFIED
2020-11-12T20:46:00Z,00:00:10.000,5,SWIM_STROKE_TYPE_UNSPECIFIED
2020-11-12T22:42:47Z,00:00:14.000,5,SWIM_STROKE_TYPE_UNSPECIFIED
2020-11-12T22:51:17Z,00:00:12.000,6,SWIM_STROKE_TYPE_UNSPECIFIED
2020-11-12T23:18:03Z,00:00:11.000,8,SWIM_STROKE_TYPE_UNSPECIFIED
2020-11-12T23:21:55Z,00:00:11.000,5,SWIM_STROKE_TYPE_UNSPECIFIED
2020-11-12T23:32:44Z,00:00:11.000,5,SWIM_STROKE_TYPE_UNSPECIFIED
2020-11-12T23:57:39Z,00:00:17.000,7,SWIM_STROKE_TYPE_UNSPECIFIED
2020-11-13T01:13:42Z,00:00:20.000,6,SWIM_STROKE_TYPE_UNSPECIFIED
2020-11-13T01:24:50Z,00:00:14.000,5,SWIM_STROKE_TYPE_UNSPECIFIED
2020-11-13T01:27:09Z,00:00:20.000,5,SWIM_STROKE_TYPE_UNSPECIFIED
2020-11-13T02:13:19Z,00:00:19.000,5,SWIM_STROKE_TYPE_UNSPECIFIED
2020-11-13T13:23:08Z,00:00:18.000,7,SWIM_STROKE_TYPE_UNSPECIFIED
2020-11-13T13:24:14Z,00:00:15.000,7,SWIM_STROKE_TYPE_UNSPECIFIED
2020-11-13T13:26:01Z,00:00:25.000,9,SWIM_STROKE_TYPE_UNSPECIFIED
2020-11-13T13:55:29Z,00:00:17.000,6,SWIM_STROKE_TYPE_UNSPECIFIED
2020-11-13T13:57:28Z,00:00:19.000,5,SWIM_STROKE_TYPE_UNSPECIFIED
2020-11-13T14:16:03Z,00:00:25.000,5,SWIM_STROKE_TYPE_UNSPECIFIED
2020-11-13T14:16:43Z,00:00:39.000,7,SWIM_STROKE_TYPE_UNSPECIFIED
2020-11-13T14:18:03Z,00:00:47.000,7,SWIM_STROKE_TYPE_UNSPECIFIED
2020-11-13T14:19:48Z,00:00:43.000,7,SWIM_STROKE_TYPE_UNSPECIFIED
2020-11-13T14:23:07Z,00:00:35.000,9,SWIM_STROKE_TYPE_UNSPECIFIED
2020-11-13T14:28:55Z,00:00:19.000,12,SWIM_STROKE_TYPE_UNSPECIFIED
2020-11-13T14:31:36Z,00:00:12.000,7,SWIM_STROKE_TYPE_UNSPECIFIED
2020-11-13T14:31:59Z,00:00:32.000,13,SWIM_STROKE_TYPE_UNSPECIFIED
2020-11-13T14:32:39Z,00:00:10.000,7,SWIM_STROKE_TYPE_UNSPECIFIED
2020-11-13T14:33:03Z,00:00:08.000,6,SWIM_STROKE_TYPE_UNSPECIFIED
2020-11-13T14:33:21Z,00:00:14.000,8,SWIM_STROKE_TYPE_UNSPECIFIED
2020-11-13T14:51:39Z,00:00:27.000,14,SWIM_STROKE_TYPE_UNSPECIFIED
2020-11-13T14:52:16Z,00:00:22.000,10,SWIM_STROKE_TYPE_UNSPECIFIED
2020-11-13T14:52:53Z,00:00:21.000,13,SWIM_STROKE_TYPE_UNSPECIFIED
2020-11-13T15:46:04Z,00:00:19.000,6,SWIM_STROKE_TYPE_UNSPECIFIED
2020-11-13T15:46:57Z,00:00:18.000,5,SWIM_STROKE_TYPE_UNSPECIFIED
2020-11-13T15:56:04Z,00:00:36.000,16,SWIM_STROKE_TYPE_UNSPECIFIED
2020-11-13T15:59:14Z,00:00:20.000,7,SWIM_STROKE_TYPE_UNSPECIFIED
2020-11-13T18:05:45Z,00:00:25.000,8,SWIM_STROKE_TYPE_UNSPECIFIED
2020-11-13T18:06:23Z,00:00:37.000,9,SWIM_STROKE_TYPE_UNSPECIFIED
2020-11-13T22:16:49Z,00:00:11.000,5,SWIM_STROKE_TYPE_UNSPECIFIED
2020-11-13T22:48:51Z,00:00:19.000,6,SWIM_STROKE_TYPE_UNSPECIFIED
2020-11-13T22:58:47Z,00:00:24.000,9,SWIM_STROKE_TYPE_UNSPECIFIED
2020-11-14T01:26:29Z,00:00:14.000,5,SWIM_STROKE_TYPE_UNSPECIFIED
2020-11-14T01:29:04Z,00:00:23.000,6,SWIM_STROKE_TYPE_UNSPECIFIED
2020-11-14T03:48:25Z,00:00:19.000,5,SWIM_STROKE_TYPE_UNSPECIFIED
2020-11-14T05:03:43Z,00:00:21.000,6,SWIM_STROKE_TYPE_UNSPECIFIED
2020-11-14T15:01:29Z,00:00:21.000,8,SWIM_STROKE_TYPE_UNSPECIFIED
2020-11-14T15:02:20Z,00:00:17.000,5,SWIM_STROKE_TYPE_UNSPECIFIED
2020-11-14T15:03:40Z,00:00:42.000,17,SWIM_STROKE_TYPE_UNSPECIFIED
2020-11-14T15:57:41Z,00:00:15.000,6,SWIM_STROKE_TYPE_UNSPECIFIED
2020-11-14T16:48:46Z,00:00:30.000,7,SWIM_STROKE_TYPE_UNSPECIFIED
2020-11-14T16:51:08Z,00:00:23.000,6,SWIM_STROKE_TYPE_UNSPECIFIED
2020-11-14T16:52:13Z,00:00:32.000,8,SWIM_STROKE_TYPE_UNSPECIFIED
2020-11-14T16:54:37Z,00:00:22.000,10,SWIM_STROKE_TYPE_UNSPECIFIED
2020-11-14T17:02:30Z,00:00:08.000,8,SWIM_STROKE_TYPE_UNSPECIFIED
2020-11-14T17:02:44Z,00:00:24.000,13,SWIM_STROKE_TYPE_UNSPECIFIED
2020-11-14T17:03:24Z,00:00:31.000,15,SWIM_STROKE_TYPE_UNSPECIFIED
2020-11-14T17:21:16Z,00:00:15.000,7,SWIM_STROKE_TYPE_UNSPECIFIED
2020-11-14T17:23:10Z,00:00:45.000,14,SWIM_STROKE_TYPE_UNSPECIFIED
2020-11-14T17:24:02Z,00:00:12.000,5,SWIM_STROKE_TYPE_UNSPECIFIED
2020-11-14T17:33:50Z,00:00:10.000,8,SWIM_STROKE_TYPE_UNSPECIFIED
2020-11-14T17:34:11Z,00:00:13.000,8,SWIM_STROKE_TYPE_UNSPECIFIED
2020-11-14T17:35:15Z,00:00:09.000,7,SWIM_STROKE_TYPE_UNSPECIFIED
2020-11-14T17:35:30Z,00:00:11.000,7,SWIM_STROKE_TYPE_UNSPECIFIED
2020-11-14T17:35:57Z,00:00:53.000,21,SWIM_STROKE_TYPE_UNSPECIFIED
2020-11-14T18:10:52Z,00:00:14.000,5,SWIM_STROKE_TYPE_UNSPECIFIED
2020-11-14T18:13:47Z,00:00:13.000,5,SWIM_STROKE_TYPE_UNSPECIFIED
2020-11-14T18:15:07Z,00:00:11.000,7,SWIM_STROKE_TYPE_UNSPECIFIED
2020-11-14T18:16:05Z,00:00:15.000,6,SWIM_STROKE_TYPE_UNSPECIFIED
2020-11-14T18:16:58Z,00:00:26.000,11,SWIM_STROKE_TYPE_UNSPECIFIED
2020-11-14T18:20:06Z,00:00:17.000,8,SWIM_STROKE_TYPE_UNSPECIFIED
2020-11-14T18:23:17Z,00:00:22.000,7,SWIM_STROKE_TYPE_UNSPECIFIED
2020-11-14T18:24:14Z,00:00:08.000,5,SWIM_STROKE_TYPE_UNSPECIFIED
2020-11-14T18:28:04Z,00:00:11.000,6,SWIM_STROKE_TYPE_UNSPECIFIED
2020-11-15T00:48:01Z,00:00:13.000,5,SWIM_STROKE_TYPE_UNSPECIFIED
2020-11-15T14:38:02Z,00:00:20.000,5,SWIM_STROKE_TYPE_UNSPECIFIED
2020-11-15T15:02:26Z,00:00:08.000,5,SWIM_STROKE_TYPE_UNSPECIFIED
2020-11-15T15:15:56Z,00:00:38.000,13,SWIM_STROKE_TYPE_UNSPECIFIED
2020-11-15T15:17:41Z,00:00:27.000,12,SWIM_STROKE_TYPE_UNSPECIFIED
2020-11-15T15:18:38Z,00:00:11.000,6,SWIM_STROKE_TYPE_UNSPECIFIED
2020-11-15T15:18:57Z,00:00:21.000,7,SWIM_STROKE_TYPE_UNSPECIFIED
2020-11-15T15:19:33Z,00:00:08.000,6,SWIM_STROKE_TYPE_UNSPECIFIED
2020-11-15T15:20:53Z,00:00:11.000,6,SWIM_STROKE_TYPE_UNSPECIFIED
2020-11-15T15:21:12Z,00:00:46.000,21,SWIM_STROKE_TYPE_UNSPECIFIED
2020-11-15T15:22:08Z,00:00:14.000,10,SWIM_STROKE_TYPE_UNSPECIFIED
2020-11-15T15:25:40Z,00:00:18.000,9,SWIM_STROKE_TYPE_UNSPECIFIED
2020-11-15T15:26:39Z,00:00:24.000,8,SWIM_STROKE_TYPE_UNSPECIFIED
2020-11-15T15:27:17Z,00:00:13.000,5,SWIM_STROKE_TYPE_UNSPECIFIED
2020-11-15T15:27:40Z,00:00:27.000,12,SWIM_STROKE_TYPE_UNSPECIFIED
2020-11-15T15:28:22Z,00:00:11.000,7,SWIM_STROKE_TYPE_UNSPECIFIED
2020-11-15T15:28:39Z,00:00:19.000,8,SWIM_STROKE_TYPE_UNSPECIFIED
2020-11-15T15:41:50Z,00:00:07.000,7,SWIM_STROKE_TYPE_UNSPECIFIED
2020-11-15T15:42:32Z,00:00:14.000,7,SWIM_STROKE_TYPE_UNSPECIFIED
2020-11-15T15:47:34Z,00:00:11.000,5,SWIM_STROKE_TYPE_UNSPECIFIED
2020-11-15T15:47:59Z,00:00:17.000,5,SWIM_STROKE_TYPE_UNSPECIFIED
2020-11-15T15:48:25Z,00:00:16.000,7,SWIM_STROKE_TYPE_UNSPECIFIED
2020-11-15T16:44:22Z,00:00:12.000,5,SWIM_STROKE_TYPE_UNSPECIFIED
2020-11-15T18:07:54Z,00:00:17.000,6,SWIM_STROKE_TYPE_UNSPECIFIED
2020-11-15T18:14:58Z,00:00:13.000,5,SWIM_STROKE_TYPE_UNSPECIFIED
2020-11-15T18:16:48Z,00:00:25.000,11,SWIM_STROKE_TYPE_UNSPECIFIED
2020-11-15T18:20:56Z,00:00:14.000,6,SWIM_STROKE_TYPE_UNSPECIFIED
2020-11-15T18:21:28Z,00:00:09.000,5,SWIM_STROKE_TYPE_UNSPECIFIED
2020-11-15T18:23:13Z,00:00:09.000,6,SWIM_STROKE_TYPE_UNSPECIFIED
2020-11-15T18:23:52Z,00:00:20.000,7,SWIM_STROKE_TYPE_UNSPECIFIED
2020-11-15T19:54:43Z,00:00:13.000,5,SWIM_STROKE_TYPE_UNSPECIFIED
2020-11-15T21:18:19Z,00:00:18.000,7,SWIM_STROKE_TYPE_UNSPECIFIED
2020-11-15T22:50:52Z,00:00:16.000,6,SWIM_STROKE_TYPE_UNSPECIFIED
2020-11-15T23:42:10Z,00:00:07.000,6,SWIM_STROKE_TYPE_UNSPECIFIED
2020-11-15T23:44:57Z,00:00:13.000,6,SWIM_STROKE_TYPE_UNSPECIFIED
2020-11-16T00:42:17Z,00:00:17.000,6,SWIM_STROKE_TYPE_UNSPECIFIED
2020-11-16T02:54:43Z,00:00:15.000,7,SWIM_STROKE_TYPE_UNSPECIFIED
2020-11-16T03:27:25Z,00:00:12.000,5,SWIM_STROKE_TYPE_UNSPECIFIED
2020-11-16T13:23:50Z,00:00:13.000,6,SWIM_STROKE_TYPE_UNSPECIFIED
2020-11-16T13:27:49Z,00:00:16.000,5,SWIM_STROKE_TYPE_UNSPECIFIED
2020-11-16T13:34:57Z,00:00:28.000,6,SWIM_STROKE_TYPE_UNSPECIFIED
2020-11-16T13:35:50Z,00:00:31.000,8,SWIM_STROKE_TYPE_UNSPECIFIED
2020-11-16T13:37:24Z,00:00:35.000,8,SWIM_STROKE_TYPE_UNSPECIFIED
2020-11-16T13:39:20Z,00:00:24.000,6,SWIM_STROKE_TYPE_UNSPECIFIED
2020-11-16T13:41:02Z,00:00:23.000,6,SWIM_STROKE_TYPE_UNSPECIFIED
2020-11-16T13:41:33Z,00:00:25.000,5,SWIM_STROKE_TYPE_UNSPECIFIED
2020-11-16T14:43:59Z,00:00:50.000,5,SWIM_STROKE_TYPE_UNSPECIFIED
2020-11-16T14:47:21Z,00:00:33.000,10,SWIM_STROKE_TYPE_UNSPECIFIED
2020-11-16T14:47:57Z,00:00:33.000,14,SWIM_STROKE_TYPE_UNSPECIFIED
2020-11-16T14:53:38Z,00:00:28.000,9,SWIM_STROKE_TYPE_UNSPECIFIED
2020-11-16T14:54:15Z,00:00:16.000,11,SWIM_STROKE_TYPE_UNSPECIFIED
2020-11-16T14:56:37Z,00:00:08.000,5,SWIM_STROKE_TYPE_UNSPECIFIED
2020-11-16T14:56:51Z,00:00:17.000,6,SWIM_STROKE_TYPE_UNSPECIFIED
2020-11-16T14:57:17Z,00:00:28.000,13,SWIM_STROKE_TYPE_UNSPECIFIED
2020-11-16T14:58:46Z,00:00:20.000,6,SWIM_STROKE_TYPE_UNSPECIFIED
2020-11-16T14:59:09Z,00:00:17.000,8,SWIM_STROKE_TYPE_UNSPECIFIED
2020-11-16T15:14:46Z,00:00:42.000,17,SWIM_STROKE_TYPE_UNSPECIFIED
2020-11-16T15:15:52Z,00:00:20.000,6,SWIM_STROKE_TYPE_UNSPECIFIED
2020-11-16T15:20:10Z,00:00:18.000,5,SWIM_STROKE_TYPE_UNSPECIFIED
2020-11-16T15:32:48Z,00:00:32.000,5,SWIM_STROKE_TYPE_UNSPECIFIED
2020-11-16T15:35:02Z,00:00:56.000,10,SWIM_STROKE_TYPE_UNSPECIFIED
2020-11-16T15:47:15Z,00:00:25.000,5,SWIM_STROKE_TYPE_UNSPECIFIED
2020-11-16T15:50:03Z,00:00:21.000,8,SWIM_STROKE_TYPE_UNSPECIFIED
2020-11-16T16:24:58Z,00:00:28.000,8,SWIM_STROKE_TYPE_UNSPECIFIED
2020-11-16T16:41:55Z,00:00:20.000,5,SWIM_STROKE_TYPE_UNSPECIFIED
2020-11-16T16:42:51Z,00:00:39.000,9,SWIM_STROKE_TYPE_UNSPECIFIED
2020-11-16T16:44:18Z,00:00:10.000,5,SWIM_STROKE_TYPE_UNSPECIFIED
2020-11-16T16:47:25Z,00:00:09.000,6,SWIM_STROKE_TYPE_UNSPECIFIED
2020-11-16T16:49:56Z,00:00:14.000,5,SWIM_STROKE_TYPE_UNSPECIFIED
2020-11-16T16:50:20Z,00:00:10.000,5,SWIM_STROKE_TYPE_UNSPECIFIED
2020-11-16T21:54:34Z,00:00:14.000,5,SWIM_STROKE_TYPE_UNSPECIFIED
2020-11-17T00:52:48Z,00:00:11.000,6,SWIM_STROKE_TYPE_UNSPECIFIED
2020-11-17T02:34:08Z,00:00:18.000,8,SWIM_STROKE_TYPE_UNSPECIFIED
2020-11-17T02:36:08Z,00:00:12.000,5,SWIM_STROKE_TYPE_UNSPECIFIED
2020-11-17T12:57:07Z,00:00:18.000,5,SWIM_STROKE_TYPE_UNSPECIFIED
2020-11-17T12:58:38Z,00:00:16.000,5,SWIM_STROKE_TYPE_UNSPECIFIED
2020-11-17T12:59:05Z,00:00:10.000,5,SWIM_STROKE_TYPE_UNSPECIFIED
2020-11-17T13:01:56Z,00:00:10.000,5,SWIM_STROKE_TYPE_UNSPECIFIED
2020-11-17T13:04:31Z,00:00:12.000,5,SWIM_STROKE_TYPE_UNSPECIFIED
2020-11-17T13:28:49Z,00:00:23.000,6,SWIM_STROKE_TYPE_UNSPECIFIED
2020-11-17T13:29:45Z,00:00:28.000,6,SWIM_STROKE_TYPE_UNSPECIFIED
2020-11-17T13:30:51Z,00:00:47.000,11,SWIM_STROKE_TYPE_UNSPECIFIED
2020-11-17T14:12:30Z,00:00:10.000,5,SWIM_STROKE_TYPE_UNSPECIFIED
2020-11-17T14:12:55Z,00:00:11.000,9,SWIM_STROKE_TYPE_UNSPECIFIED
2020-11-17T15:24:47Z,00:00:11.000,7,SWIM_STROKE_TYPE_UNSPECIFIED
2020-11-17T15:27:32Z,00:00:13.000,6,SWIM_STROKE_TYPE_UNSPECIFIED
2020-11-17T15:29:57Z,00:00:26.000,9,SWIM_STROKE_TYPE_UNSPECIFIED
2020-11-17T15:32:43Z,00:00:28.000,8,SWIM_STROKE_TYPE_UNSPECIFIED
2020-11-17T15:34:42Z,00:00:21.000,7,SWIM_STROKE_TYPE_UNSPECIFIED
2020-11-17T15:35:19Z,00:00:28.000,12,SWIM_STROKE_TYPE_UNSPECIFIED
2020-11-17T15:46:48Z,00:00:11.000,5,SWIM_STROKE_TYPE_UNSPECIFIED
2020-11-17T15:52:28Z,00:00:16.000,5,SWIM_STROKE_TYPE_UNSPECIFIED
2020-11-17T18:11:09Z,00:00:18.000,6,SWIM_STROKE_TYPE_UNSPECIFIED
2020-11-17T19:10:30Z,00:00:11.000,6,SWIM_STROKE_TYPE_UNSPECIFIED
2020-11-17T22:37:33Z,00:00:11.000,5,SWIM_STROKE_TYPE_UNSPECIFIED
2020-11-17T22:38:24Z,00:00:11.000,5,SWIM_STROKE_TYPE_UNSPECIFIED
2020-11-17T22:40:03Z,00:00:27.000,8,SWIM_STROKE_TYPE_UNSPECIFIED
2020-11-17T22:40:49Z,00:00:28.000,10,SWIM_STROKE_TYPE_UNSPECIFIED
2020-11-17T22:45:27Z,00:00:10.000,5,SWIM_STROKE_TYPE_UNSPECIFIED
2020-11-17T22:45:51Z,00:00:15.000,5,SWIM_STROKE_TYPE_UNSPECIFIED
2020-11-17T22:47:34Z,00:00:25.000,5,SWIM_STROKE_TYPE_UNSPECIFIED
2020-11-17T22:48:43Z,00:00:45.000,9,SWIM_STROKE_TYPE_UNSPECIFIED
2020-11-17T22:51:18Z,00:00:39.000,8,SWIM_STROKE_TYPE_UNSPECIFIED
2020-11-17T22:53:56Z,00:00:34.000,9,SWIM_STROKE_TYPE_UNSPECIFIED
2020-11-17T23:03:02Z,00:00:16.000,5,SWIM_STROKE_TYPE_UNSPECIFIED
2020-11-17T23:03:24Z,00:00:16.000,6,SWIM_STROKE_TYPE_UNSPECIFIED
2020-11-17T23:15:45Z,00:00:24.000,6,SWIM_STROKE_TYPE_UNSPECIFIED
2020-11-17T23:17:19Z,00:00:29.000,7,SWIM_STROKE_TYPE_UNSPECIFIED
2020-11-17T23:19:12Z,00:00:23.000,6,SWIM_STROKE_TYPE_UNSPECIFIED
2020-11-17T23:22:26Z,00:00:37.000,6,SWIM_STROKE_TYPE_UNSPECIFIED
2020-11-17T23:23:42Z,00:00:28.000,6,SWIM_STROKE_TYPE_UNSPECIFIED
2020-11-17T23:25:01Z,00:00:14.000,5,SWIM_STROKE_TYPE_UNSPECIFIED
2020-11-17T23:29:35Z,00:00:14.000,5,SWIM_STROKE_TYPE_UNSPECIFIED
2020-11-17T23:48:59Z,00:00:23.000,6,SWIM_STROKE_TYPE_UNSPECIFIED
2020-11-17T23:49:45Z,00:00:25.000,5,SWIM_STROKE_TYPE_UNSPECIFIED
2020-11-17T23:52:04Z,00:00:42.000,8,SWIM_STROKE_TYPE_UNSPECIFIED
2020-11-17T23:54:54Z,00:00:45.000,9,SWIM_STROKE_TYPE_UNSPECIFIED
2020-11-17T23:57:29Z,00:00:19.000,5,SWIM_STROKE_TYPE_UNSPECIFIED
2020-11-18T00:05:07Z,00:00:27.000,5,SWIM_STROKE_TYPE_UNSPECIFIED
2020-11-18T00:13:14Z,00:00:25.000,5,SWIM_STROKE_TYPE_UNSPECIFIED
2020-11-18T00:33:04Z,00:00:23.000,7,SWIM_STROKE_TYPE_UNSPECIFIED
2020-11-18T00:34:35Z,00:00:13.000,5,SWIM_STROKE_TYPE_UNSPECIFIED
2020-11-18T03:13:12Z,00:00:17.000,5,SWIM_STROKE_TYPE_UNSPECIFIED
2020-11-18T03:51:31Z,00:00:25.000,6,SWIM_STROKE_TYPE_UNSPECIFIED
2020-11-18T03:52:15Z,00:00:28.000,5,SWIM_STROKE_TYPE_UNSPECIFIED
2020-11-18T12:53:59Z,00:00:49.000,8,SWIM_STROKE_TYPE_UNSPECIFIED
2020-11-18T12:55:08Z,00:00:38.000,5,SWIM_STROKE_TYPE_UNSPECIFIED
2020-11-18T13:07:22Z,00:00:48.000,11,SWIM_STROKE_TYPE_UNSPECIFIED
2020-11-18T13:12:38Z,00:00:23.000,8,SWIM_STROKE_TYPE_UNSPECIFIED
2020-11-18T13:28:12Z,00:00:16.000,5,SWIM_STROKE_TYPE_UNSPECIFIED
2020-11-18T13:32:41Z,00:00:34.000,5,SWIM_STROKE_TYPE_UNSPECIFIED
2020-11-18T13:33:46Z,00:00:37.000,5,SWIM_STROKE_TYPE_UNSPECIFIED
2020-11-18T13:37:37Z,00:00:35.000,7,SWIM_STROKE_TYPE_UNSPECIFIED
2020-11-18T13:38:37Z,00:00:24.000,6,SWIM_STROKE_TYPE_UNSPECIFIED
2020-11-18T13:43:53Z,00:00:31.000,7,SWIM_STROKE_TYPE_UNSPECIFIED
2020-11-18T13:44:32Z,00:00:16.000,5,SWIM_STROKE_TYPE_UNSPECIFIED
2020-11-18T14:25:45Z,00:00:41.000,7,SWIM_STROKE_TYPE_UNSPECIFIED
2020-11-18T14:27:26Z,00:00:47.000,6,SWIM_STROKE_TYPE_UNSPECIFIED
2020-11-18T14:31:20Z,00:00:31.000,14,SWIM_STROKE_TYPE_UNSPECIFIED
2020-11-18T14:31:53Z,00:00:31.000,11,SWIM_STROKE_TYPE_UNSPECIFIED
2020-11-18T14:58:33Z,00:00:21.000,11,SWIM_STROKE_TYPE_UNSPECIFIED
2020-11-18T14:59:00Z,00:00:23.000,12,SWIM_STROKE_TYPE_UNSPECIFIED
2020-11-18T14:59:36Z,00:00:19.000,10,SWIM_STROKE_TYPE_UNSPECIFIED
2020-11-18T15:00:01Z,00:00:10.000,5,SWIM_STROKE_TYPE_UNSPECIFIED
2020-11-18T15:43:27Z,00:00:14.000,6,SWIM_STROKE_TYPE_UNSPECIFIED
2020-11-18T16:37:05Z,00:00:08.000,5,SWIM_STROKE_TYPE_UNSPECIFIED
2020-11-18T16:44:30Z,00:00:21.000,9,SWIM_STROKE_TYPE_UNSPECIFIED
2020-11-18T16:45:01Z,00:00:08.000,5,SWIM_STROKE_TYPE_UNSPECIFIED
2020-11-18T21:46:34Z,00:00:14.000,5,SWIM_STROKE_TYPE_UNSPECIFIED
2020-11-18T21:56:39Z,00:00:15.000,5,SWIM_STROKE_TYPE_UNSPECIFIED
2020-11-18T21:58:14Z,00:00:19.000,5,SWIM_STROKE_TYPE_UNSPECIFIED
2020-11-18T23:13:40Z,00:00:31.000,5,SWIM_STROKE_TYPE_UNSPECIFIED
2020-11-18T23:31:31Z,00:00:50.000,6,SWIM_STROKE_TYPE_UNSPECIFIED
2020-11-19T00:06:11Z,00:00:31.000,6,SWIM_STROKE_TYPE_UNSPECIFIED
2020-11-19T00:30:47Z,00:00:27.000,6,SWIM_STROKE_TYPE_UNSPECIFIED
2020-11-19T00:33:24Z,00:00:33.000,6,SWIM_STROKE_TYPE_UNSPECIFIED
2020-11-19T00:34:07Z,00:00:53.000,8,SWIM_STROKE_TYPE_UNSPECIFIED
2020-11-19T00:35:09Z,00:00:32.000,5,SWIM_STROKE_TYPE_UNSPECIFIED
2020-11-19T00:37:07Z,00:00:48.000,7,SWIM_STROKE_TYPE_UNSPECIFIED
2020-11-19T00:39:05Z,00:00:36.000,6,SWIM_STROKE_TYPE_UNSPECIFIED
2020-11-19T00:41:16Z,00:00:24.000,5,SWIM_STROKE_TYPE_UNSPECIFIED
2020-11-19T01:03:24Z,00:00:38.000,6,SWIM_STROKE_TYPE_UNSPECIFIED
2020-11-19T01:26:18Z,00:00:36.000,6,SWIM_STROKE_TYPE_UNSPECIFIED
2020-11-19T01:27:15Z,00:00:32.000,6,SWIM_STROKE_TYPE_UNSPECIFIED
2020-11-19T01:30:36Z,00:00:46.000,10,SWIM_STROKE_TYPE_UNSPECIFIED
2020-11-19T01:36:32Z,00:00:17.000,5,SWIM_STROKE_TYPE_UNSPECIFIED
2020-11-19T03:31:22Z,00:00:11.000,5,SWIM_STROKE_TYPE_UNSPECIFIED
2020-11-19T03:46:15Z,00:00:11.000,5,SWIM_STROKE_TYPE_UNSPECIFIED
2020-11-19T13:20:18Z,00:00:29.000,6,SWIM_STROKE_TYPE_UNSPECIFIED
2020-11-19T13:23:42Z,00:00:43.000,8,SWIM_STROKE_TYPE_UNSPECIFIED
2020-11-19T13:49:52Z,00:00:18.000,6,SWIM_STROKE_TYPE_UNSPECIFIED
2020-11-19T14:07:46Z,00:00:23.000,8,SWIM_STROKE_TYPE_UNSPECIFIED
2020-11-19T14:08:32Z,00:00:25.000,8,SWIM_STROKE_TYPE_UNSPECIFIED
2020-11-19T14:09:04Z,00:00:16.000,10,SWIM_STROKE_TYPE_UNSPECIFIED
2020-11-19T14:09:24Z,00:00:46.000,18,SWIM_STROKE_TYPE_UNSPECIFIED
2020-11-19T15:18:16Z,00:00:14.000,5,SWIM_STROKE_TYPE_UNSPECIFIED
2020-11-19T15:19:58Z,00:00:18.000,7,SWIM_STROKE_TYPE_UNSPECIFIED
2020-11-19T15:22:38Z,00:00:22.000,8,SWIM_STROKE_TYPE_UNSPECIFIED
2020-11-19T22:47:36Z,00:00:16.000,5,SWIM_STROKE_TYPE_UNSPECIFIED
2020-11-19T22:48:17Z,00:00:28.000,5,SWIM_STROKE_TYPE_UNSPECIFIED
2020-11-19T22:49:07Z,00:00:43.000,7,SWIM_STROKE_TYPE_UNSPECIFIED
2020-11-19T22:51:32Z,00:00:38.000,5,SWIM_STROKE_TYPE_UNSPECIFIED
2020-11-19T22:57:32Z,00:00:48.000,6,SWIM_STROKE_TYPE_UNSPECIFIED
2020-11-19T23:03:43Z,00:00:30.000,5,SWIM_STROKE_TYPE_UNSPECIFIED
2020-11-19T23:27:02Z,00:00:46.000,9,SWIM_STROKE_TYPE_UNSPECIFIED
2020-11-19T23:28:04Z,00:00:15.000,5,SWIM_STROKE_TYPE_UNSPECIFIED
2020-11-20T03:32:09Z,00:00:35.000,8,SWIM_STROKE_TYPE_UNSPECIFIED
2020-11-20T03:34:18Z,00:00:09.000,5,SWIM_STROKE_TYPE_UNSPECIFIED
2020-11-20T13:45:07Z,00:00:12.000,5,SWIM_STROKE_TYPE_UNSPECIFIED
2020-11-20T13:46:38Z,00:00:23.000,7,SWIM_STROKE_TYPE_UNSPECIFIED
2020-11-20T14:50:14Z,00:00:22.000,9,SWIM_STROKE_TYPE_UNSPECIFIED
2020-11-20T15:05:42Z,00:00:12.000,5,SWIM_STROKE_TYPE_UNSPECIFIED
2020-11-20T15:06:15Z,00:00:15.000,8,SWIM_STROKE_TYPE_UNSPECIFIED
2020-11-20T15:07:48Z,00:00:09.000,6,SWIM_STROKE_TYPE_UNSPECIFIED
2020-11-20T15:08:37Z,00:00:32.000,11,SWIM_STROKE_TYPE_UNSPECIFIED
2020-11-20T15:09:27Z,00:00:13.000,6,SWIM_STROKE_TYPE_UNSPECIFIED
2020-11-20T15:10:40Z,00:00:12.000,5,SWIM_STROKE_TYPE_UNSPECIFIED
2020-11-20T15:11:01Z,00:00:32.000,13,SWIM_STROKE_TYPE_UNSPECIFIED
2020-11-20T15:12:04Z,00:00:13.000,5,SWIM_STROKE_TYPE_UNSPECIFIED
2020-11-20T15:12:25Z,00:00:11.000,5,SWIM_STROKE_TYPE_UNSPECIFIED
2020-11-20T15:13:09Z,00:00:19.000,13,SWIM_STROKE_TYPE_UNSPECIFIED
2020-11-20T15:15:03Z,00:00:13.000,5,SWIM_STROKE_TYPE_UNSPECIFIED
2020-11-20T15:16:24Z,00:00:14.000,5,SWIM_STROKE_TYPE_UNSPECIFIED
2020-11-20T15:17:41Z,00:00:24.000,7,SWIM_STROKE_TYPE_UNSPECIFIED
2020-11-20T15:18:33Z,00:00:28.000,8,SWIM_STROKE_TYPE_UNSPECIFIED
2020-11-20T15:19:12Z,00:00:20.000,6,SWIM_STROKE_TYPE_UNSPECIFIED
2020-11-20T16:24:56Z,00:00:21.000,6,SWIM_STROKE_TYPE_UNSPECIFIED
2020-11-20T16:27:43Z,00:00:10.000,5,SWIM_STROKE_TYPE_UNSPECIFIED
2020-11-20T16:33:10Z,00:00:12.000,6,SWIM_STROKE_TYPE_UNSPECIFIED
2020-11-20T16:34:37Z,00:00:41.000,14,SWIM_STROKE_TYPE_UNSPECIFIED
2020-11-20T16:35:51Z,00:00:19.000,5,SWIM_STROKE_TYPE_UNSPECIFIED
2020-11-20T16:39:55Z,00:00:29.000,5,SWIM_STROKE_TYPE_UNSPECIFIED
2020-11-20T16:40:47Z,00:00:46.000,6,SWIM_STROKE_TYPE_UNSPECIFIED
2020-11-20T16:54:32Z,00:00:48.000,6,SWIM_STROKE_TYPE_UNSPECIFIED
2020-11-20T18:09:14Z,00:00:29.000,5,SWIM_STROKE_TYPE_UNSPECIFIED
2020-11-20T23:26:27Z,00:00:16.000,5,SWIM_STROKE_TYPE_UNSPECIFIED
2020-11-20T23:30:06Z,00:00:23.000,6,SWIM_STROKE_TYPE_UNSPECIFIED
2020-11-20T23:57:42Z,00:00:34.000,6,SWIM_STROKE_TYPE_UNSPECIFIED
2020-11-21T00:03:01Z,00:00:50.000,9,SWIM_STROKE_TYPE_UNSPECIFIED
2020-11-21T00:37:21Z,00:00:19.000,5,SWIM_STROKE_TYPE_UNSPECIFIED
2020-11-21T00:37:59Z,00:00:30.000,5,SWIM_STROKE_TYPE_UNSPECIFIED
2020-11-21T00:40:00Z,00:00:41.000,8,SWIM_STROKE_TYPE_UNSPECIFIED
2020-11-21T00:41:35Z,00:00:26.000,10,SWIM_STROKE_TYPE_UNSPECIFIED
2020-11-21T00:42:16Z,00:00:19.000,6,SWIM_STROKE_TYPE_UNSPECIFIED
2020-11-21T00:45:14Z,00:00:19.000,6,SWIM_STROKE_TYPE_UNSPECIFIED
2020-11-21T00:48:29Z,00:00:17.000,5,SWIM_STROKE_TYPE_UNSPECIFIED
2020-11-21T02:20:51Z,00:00:25.000,6,SWIM_STROKE_TYPE_UNSPECIFIED
2020-11-21T04:07:53Z,00:00:52.000,5,SWIM_STROKE_TYPE_UNSPECIFIED
2020-11-21T04:49:07Z,00:01:05.000,11,SWIM_STROKE_TYPE_UNSPECIFIED
2020-11-21T04:50:14Z,00:01:05.000,5,SWIM_STROKE_TYPE_UNSPECIFIED
2020-11-21T13:18:28Z,00:00:44.000,8,SWIM_STROKE_TYPE_UNSPECIFIED
2020-11-21T13:23:38Z,00:00:28.000,6,SWIM_STROKE_TYPE_UNSPECIFIED
2020-11-21T13:35:08Z,00:00:29.000,6,SWIM_STROKE_TYPE_UNSPECIFIED
2020-11-21T13:47:58Z,00:00:30.000,8,SWIM_STROKE_TYPE_UNSPECIFIED
2020-11-21T14:39:40Z,00:00:26.000,14,SWIM_STROKE_TYPE_UNSPECIFIED
2020-11-21T16:49:16Z,00:00:13.000,5,SWIM_STROKE_TYPE_UNSPECIFIED
2020-11-21T16:49:38Z,00:00:25.000,8,SWIM_STROKE_TYPE_UNSPECIFIED
2020-11-21T16:50:10Z,00:00:13.000,5,SWIM_STROKE_TYPE_UNSPECIFIED
2020-11-21T17:08:04Z,00:00:16.000,6,SWIM_STROKE_TYPE_UNSPECIFIED
2020-11-21T17:18:28Z,00:00:23.000,5,SWIM_STROKE_TYPE_UNSPECIFIED
2020-11-21T17:19:54Z,00:00:30.000,6,SWIM_STROKE_TYPE_UNSPECIFIED
2020-11-21T17:20:36Z,00:00:31.000,8,SWIM_STROKE_TYPE_UNSPECIFIED
2020-11-21T17:22:43Z,00:00:31.000,6,SWIM_STROKE_TYPE_UNSPECIFIED
2020-11-21T17:24:24Z,00:00:32.000,8,SWIM_STROKE_TYPE_UNSPECIFIED
2020-11-21T17:25:58Z,00:00:40.000,18,SWIM_STROKE_TYPE_UNSPECIFIED
2020-11-21T17:28:30Z,00:00:16.000,7,SWIM_STROKE_TYPE_UNSPECIFIED
2020-11-21T18:13:40Z,00:00:09.000,5,SWIM_STROKE_TYPE_UNSPECIFIED
2020-11-21T18:36:11Z,00:00:09.000,5,SWIM_STROKE_TYPE_UNSPECIFIED
2020-11-21T18:57:29Z,00:00:17.000,5,SWIM_STROKE_TYPE_UNSPECIFIED
2020-11-21T19:02:05Z,00:00:34.000,10,SWIM_STROKE_TYPE_UNSPECIFIED
2020-11-21T19:02:58Z,00:00:24.000,6,SWIM_STROKE_TYPE_UNSPECIFIED
2020-11-21T19:03:35Z,00:00:39.000,14,SWIM_STROKE_TYPE_UNSPECIFIED
2020-11-21T19:07:06Z,00:00:12.000,5,SWIM_STROKE_TYPE_UNSPECIFIED
2020-11-21T19:09:15Z,00:00:07.000,5,SWIM_STROKE_TYPE_UNSPECIFIED
2020-11-21T19:14:39Z,00:00:18.000,6,SWIM_STROKE_TYPE_UNSPECIFIED
2020-11-21T19:36:20Z,00:00:18.000,6,SWIM_STROKE_TYPE_UNSPECIFIED
2020-11-21T19:37:37Z,00:00:15.000,5,SWIM_STROKE_TYPE_UNSPECIFIED
2020-11-21T19:38:17Z,00:00:15.000,5,SWIM_STROKE_TYPE_UNSPECIFIED
2020-11-21T19:47:19Z,00:00:29.000,6,SWIM_STROKE_TYPE_UNSPECIFIED
2020-11-21T19:48:19Z,00:00:32.000,7,SWIM_STROKE_TYPE_UNSPECIFIED
2020-11-21T19:51:45Z,00:00:25.000,7,SWIM_STROKE_TYPE_UNSPECIFIED
2020-11-21T19:59:33Z,00:00:15.000,6,SWIM_STROKE_TYPE_UNSPECIFIED
2020-11-21T21:26:37Z,00:00:15.000,5,SWIM_STROKE_TYPE_UNSPECIFIED
2020-11-21T21:37:04Z,00:00:24.000,7,SWIM_STROKE_TYPE_UNSPECIFIED
2020-11-22T02:13:24Z,00:00:21.000,7,SWIM_STROKE_TYPE_UNSPECIFIED
2020-11-22T14:19:20Z,00:00:21.000,6,SWIM_STROKE_TYPE_UNSPECIFIED
2020-11-22T14:23:12Z,00:00:16.000,5,SWIM_STROKE_TYPE_UNSPECIFIED
2020-11-22T14:25:05Z,00:00:21.000,5,SWIM_STROKE_TYPE_UNSPECIFIED
2020-11-22T14:37:48Z,00:00:33.000,5,SWIM_STROKE_TYPE_UNSPECIFIED
2020-11-22T14:38:58Z,00:00:30.000,5,SWIM_STROKE_TYPE_UNSPECIFIED
2020-11-22T14:41:51Z,00:00:38.000,16,SWIM_STROKE_TYPE_UNSPECIFIED
2020-11-22T14:45:47Z,00:00:07.000,6,SWIM_STROKE_TYPE_UNSPECIFIED
2020-11-22T14:45:58Z,00:00:25.000,14,SWIM_STROKE_TYPE_UNSPECIFIED
2020-11-22T14:47:57Z,00:00:17.000,8,SWIM_STROKE_TYPE_UNSPECIFIED
2020-11-22T14:48:23Z,00:00:11.000,5,SWIM_STROKE_TYPE_UNSPECIFIED
2020-11-22T14:48:45Z,00:00:15.000,8,SWIM_STROKE_TYPE_UNSPECIFIED
2020-11-22T14:49:05Z,00:00:13.000,9,SWIM_STROKE_TYPE_UNSPECIFIED
2020-11-22T14:50:28Z,00:00:13.000,5,SWIM_STROKE_TYPE_UNSPECIFIED
2020-11-22T14:50:54Z,00:00:34.000,18,SWIM_STROKE_TYPE_UNSPECIFIED
2020-11-22T14:59:41Z,00:00:13.000,8,SWIM_STROKE_TYPE_UNSPECIFIED
2020-11-22T15:00:18Z,00:00:11.000,8,SWIM_STROKE_TYPE_UNSPECIFIED
2020-11-22T15:00:47Z,00:00:10.000,7,SWIM_STROKE_TYPE_UNSPECIFIED
2020-11-22T15:01:01Z,00:00:21.000,8,SWIM_STROKE_TYPE_UNSPECIFIED
2020-11-22T15:02:24Z,00:00:23.000,9,SWIM_STROKE_TYPE_UNSPECIFIED
2020-11-22T15:03:00Z,00:00:31.000,11,SWIM_STROKE_TYPE_UNSPECIFIED
2020-11-22T15:04:42Z,00:00:14.000,6,SWIM_STROKE_TYPE_UNSPECIFIED
2020-11-22T15:09:16Z,00:00:13.000,5,SWIM_STROKE_TYPE_UNSPECIFIED
2020-11-22T15:34:30Z,00:00:20.000,9,SWIM_STROKE_TYPE_UNSPECIFIED
2020-11-22T18:41:55Z,00:00:09.000,5,SWIM_STROKE_TYPE_UNSPECIFIED
2020-11-22T18:45:41Z,00:00:12.000,5,SWIM_STROKE_TYPE_UNSPECIFIED
2020-11-22T18:48:30Z,00:00:20.000,5,SWIM_STROKE_TYPE_UNSPECIFIED
2020-11-22T18:48:58Z,00:00:34.000,13,SWIM_STROKE_TYPE_UNSPECIFIED
2020-11-22T18:49:45Z,00:00:13.000,5,SWIM_STROKE_TYPE_UNSPECIFIED
2020-11-22T18:51:35Z,00:00:18.000,6,SWIM_STROKE_TYPE_UNSPECIFIED
2020-11-22T19:36:10Z,00:00:16.000,5,SWIM_STROKE_TYPE_UNSPECIFIED
2020-11-22T19:37:01Z,00:00:20.000,7,SWIM_STROKE_TYPE_UNSPECIFIED
2020-11-22T19:40:35Z,00:00:15.000,5,SWIM_STROKE_TYPE_UNSPECIFIED
2020-11-22T19:46:49Z,00:00:18.000,5,SWIM_STROKE_TYPE_UNSPECIFIED
2020-11-22T19:52:38Z,00:00:35.000,6,SWIM_STROKE_TYPE_UNSPECIFIED
2020-11-22T21:27:32Z,00:00:58.000,5,SWIM_STROKE_TYPE_UNSPECIFIED
2020-11-22T21:52:35Z,00:00:44.000,5,SWIM_STROKE_TYPE_UNSPECIFIED
2020-11-22T22:06:52Z,00:00:36.000,8,SWIM_STROKE_TYPE_UNSPECIFIED
2020-11-22T23:31:11Z,00:00:21.000,6,SWIM_STROKE_TYPE_UNSPECIFIED
2020-11-22T23:33:05Z,00:00:12.000,5,SWIM_STROKE_TYPE_UNSPECIFIED
2020-11-23T13:33:53Z,00:00:11.000,6,SWIM_STROKE_TYPE_UNSPECIFIED
2020-11-23T13:34:53Z,00:00:19.000,9,SWIM_STROKE_TYPE_UNSPECIFIED
2020-11-23T13:35:31Z,00:00:15.000,7,SWIM_STROKE_TYPE_UNSPECIFIED
2020-11-23T13:35:53Z,00:00:18.000,9,SWIM_STROKE_TYPE_UNSPECIFIED
2020-11-23T13:36:21Z,00:00:17.000,8,SWIM_STROKE_TYPE_UNSPECIFIED
2020-11-23T13:36:46Z,00:00:11.000,5,SWIM_STROKE_TYPE_UNSPECIFIED
2020-11-23T13:43:05Z,00:00:22.000,5,SWIM_STROKE_TYPE_UNSPECIFIED
2020-11-23T13:58:47Z,00:00:32.000,7,SWIM_STROKE_TYPE_UNSPECIFIED
2020-11-23T14:18:18Z,00:00:16.000,7,SWIM_STROKE_TYPE_UNSPECIFIED
2020-11-23T14:20:59Z,00:00:13.000,8,SWIM_STROKE_TYPE_UNSPECIFIED
2020-11-23T14:23:12Z,00:00:22.000,8,SWIM_STROKE_TYPE_UNSPECIFIED
2020-11-23T14:25:38Z,00:00:23.000,7,SWIM_STROKE_TYPE_UNSPECIFIED
2020-11-23T15:14:25Z,00:00:31.000,8,SWIM_STROKE_TYPE_UNSPECIFIED
2020-11-23T15:15:35Z,00:00:31.000,9,SWIM_STROKE_TYPE_UNSPECIFIED
2020-11-23T16:09:55Z,00:00:16.000,5,SWIM_STROKE_TYPE_UNSPECIFIED
2020-11-23T16:30:54Z,00:00:21.000,5,SWIM_STROKE_TYPE_UNSPECIFIED
2020-11-23T16:31:36Z,00:00:26.000,6,SWIM_STROKE_TYPE_UNSPECIFIED
2020-11-23T17:16:32Z,00:00:34.000,6,SWIM_STROKE_TYPE_UNSPECIFIED
2020-11-23T18:01:52Z,00:00:48.000,7,SWIM_STROKE_TYPE_UNSPECIFIED
2020-11-23T19:11:09Z,00:00:54.000,6,SWIM_STROKE_TYPE_UNSPECIFIED
2020-11-23T19:16:31Z,00:00:54.000,10,SWIM_STROKE_TYPE_UNSPECIFIED
2020-11-23T19:24:29Z,00:00:49.000,7,SWIM_STROKE_TYPE_UNSPECIFIED
2020-11-23T20:42:01Z,00:00:24.000,8,SWIM_STROKE_TYPE_UNSPECIFIED
2020-11-23T23:00:43Z,00:00:39.000,8,SWIM_STROKE_TYPE_UNSPECIFIED
2020-11-23T23:02:48Z,00:00:36.000,5,SWIM_STROKE_TYPE_UNSPECIFIED
2020-11-23T23:03:32Z,00:00:54.000,6,SWIM_STROKE_TYPE_UNSPECIFIED
2020-11-23T23:05:47Z,00:00:35.000,5,SWIM_STROKE_TYPE_UNSPECIFIED
2020-11-23T23:06:57Z,00:00:45.000,6,SWIM_STROKE_TYPE_UNSPECIFIED
2020-11-23T23:08:28Z,00:00:44.000,5,SWIM_STROKE_TYPE_UNSPECIFIED
2020-11-23T23:09:40Z,00:00:47.000,6,SWIM_STROKE_TYPE_UNSPECIFIED
2020-11-23T23:10:50Z,00:00:30.000,5,SWIM_STROKE_TYPE_UNSPECIFIED
2020-11-23T23:17:21Z,00:00:35.000,6,SWIM_STROKE_TYPE_UNSPECIFIED
2020-11-23T23:54:42Z,00:00:39.000,9,SWIM_STROKE_TYPE_UNSPECIFIED
2020-11-24T00:38:08Z,00:00:22.000,6,SWIM_STROKE_TYPE_UNSPECIFIED
2020-11-24T00:42:43Z,00:00:17.000,5,SWIM_STROKE_TYPE_UNSPECIFIED
2020-11-24T13:52:49Z,00:00:17.000,6,SWIM_STROKE_TYPE_UNSPECIFIED
2020-11-24T13:53:17Z,00:00:28.000,11,SWIM_STROKE_TYPE_UNSPECIFIED
2020-11-24T13:54:43Z,00:00:26.000,11,SWIM_STROKE_TYPE_UNSPECIFIED
2020-11-24T13:56:25Z,00:00:38.000,12,SWIM_STROKE_TYPE_UNSPECIFIED
2020-11-24T13:57:08Z,00:00:17.000,6,SWIM_STROKE_TYPE_UNSPECIFIED
2020-11-24T13:58:26Z,00:00:28.000,9,SWIM_STROKE_TYPE_UNSPECIFIED
2020-11-24T14:03:12Z,00:00:26.000,14,SWIM_STROKE_TYPE_UNSPECIFIED
2020-11-24T14:03:48Z,00:00:13.000,6,SWIM_STROKE_TYPE_UNSPECIFIED
2020-11-24T14:04:06Z,00:00:34.000,16,SWIM_STROKE_TYPE_UNSPECIFIED
2020-11-24T14:04:54Z,00:00:29.000,12,SWIM_STROKE_TYPE_UNSPECIFIED
2020-11-24T14:05:45Z,00:00:25.000,11,SWIM_STROKE_TYPE_UNSPECIFIED
2020-11-24T14:06:37Z,00:00:56.000,27,SWIM_STROKE_TYPE_UNSPECIFIED
2020-11-24T14:08:29Z,00:00:54.000,24,SWIM_STROKE_TYPE_UNSPECIFIED
2020-11-24T14:09:31Z,00:00:30.000,12,SWIM_STROKE_TYPE_UNSPECIFIED
2020-11-24T14:10:07Z,00:00:34.000,15,SWIM_STROKE_TYPE_UNSPECIFIED
2020-11-24T14:52:31Z,00:00:10.000,5,SWIM_STROKE_TYPE_UNSPECIFIED
2020-11-24T14:52:48Z,00:00:12.000,5,SWIM_STROKE_TYPE_UNSPECIFIED
2020-11-24T14:53:57Z,00:00:22.000,9,SWIM_STROKE_TYPE_UNSPECIFIED
2020-11-24T18:24:38Z,00:00:13.000,5,SWIM_STROKE_TYPE_UNSPECIFIED
2020-11-24T22:02:53Z,00:00:13.000,5,SWIM_STROKE_TYPE_UNSPECIFIED
2020-11-24T22:29:58Z,00:00:26.000,6,SWIM_STROKE_TYPE_UNSPECIFIED
2020-11-24T22:30:53Z,00:00:40.000,12,SWIM_STROKE_TYPE_UNSPECIFIED
2020-11-24T22:40:25Z,00:00:31.000,7,SWIM_STROKE_TYPE_UNSPECIFIED
2020-11-24T22:41:17Z,00:00:26.000,7,SWIM_STROKE_TYPE_UNSPECIFIED
2020-11-24T22:42:05Z,00:00:22.000,5,SWIM_STROKE_TYPE_UNSPECIFIED
2020-11-24T22:42:41Z,00:00:16.000,5,SWIM_STROKE_TYPE_UNSPECIFIED
2020-11-24T22:43:54Z,00:00:29.000,8,SWIM_STROKE_TYPE_UNSPECIFIED
2020-11-24T22:44:46Z,00:00:24.000,6,SWIM_STROKE_TYPE_UNSPECIFIED
2020-11-24T22:45:17Z,00:00:37.000,10,SWIM_STROKE_TYPE_UNSPECIFIED
2020-11-24T22:51:08Z,00:00:33.000,7,SWIM_STROKE_TYPE_UNSPECIFIED
2020-11-24T22:51:54Z,00:00:29.000,6,SWIM_STROKE_TYPE_UNSPECIFIED
2020-11-24T22:54:51Z,00:00:27.000,7,SWIM_STROKE_TYPE_UNSPECIFIED
2020-11-24T22:56:52Z,00:00:30.000,5,SWIM_STROKE_TYPE_UNSPECIFIED
2020-11-24T22:57:37Z,00:00:46.000,12,SWIM_STROKE_TYPE_UNSPECIFIED
2020-11-24T23:01:25Z,00:00:58.000,12,SWIM_STROKE_TYPE_UNSPECIFIED
2020-11-24T23:02:33Z,00:00:45.000,8,SWIM_STROKE_TYPE_UNSPECIFIED
2020-11-24T23:04:01Z,00:00:42.000,7,SWIM_STROKE_TYPE_UNSPECIFIED
2020-11-24T23:05:43Z,00:00:10.000,5,SWIM_STROKE_TYPE_UNSPECIFIED
2020-11-24T23:06:23Z,00:00:16.000,5,SWIM_STROKE_TYPE_UNSPECIFIED
2020-11-24T23:07:43Z,00:00:22.000,5,SWIM_STROKE_TYPE_UNSPECIFIED
2020-11-24T23:10:02Z,00:00:25.000,5,SWIM_STROKE_TYPE_UNSPECIFIED
2020-11-24T23:11:12Z,00:00:19.000,10,SWIM_STROKE_TYPE_UNSPECIFIED
2020-11-24T23:28:11Z,00:00:17.000,6,SWIM_STROKE_TYPE_UNSPECIFIED
2020-11-24T23:57:29Z,00:00:22.000,6,SWIM_STROKE_TYPE_UNSPECIFIED
2020-11-25T01:06:27Z,00:00:19.000,5,SWIM_STROKE_TYPE_UNSPECIFIED
2020-11-25T01:07:30Z,00:00:41.000,12,SWIM_STROKE_TYPE_UNSPECIFIED
2020-11-25T01:09:32Z,00:00:51.000,14,SWIM_STROKE_TYPE_UNSPECIFIED
2020-11-25T01:11:15Z,00:00:31.000,10,SWIM_STROKE_TYPE_UNSPECIFIED
2020-11-25T01:12:25Z,00:00:18.000,6,SWIM_STROKE_TYPE_UNSPECIFIED
2020-11-25T01:22:39Z,00:00:12.000,5,SWIM_STROKE_TYPE_UNSPECIFIED
2020-11-25T01:27:04Z,00:00:26.000,10,SWIM_STROKE_TYPE_UNSPECIFIED
2020-11-25T01:28:11Z,00:00:18.000,6,SWIM_STROKE_TYPE_UNSPECIFIED
2020-11-25T01:28:45Z,00:00:15.000,5,SWIM_STROKE_TYPE_UNSPECIFIED
2020-11-25T01:29:41Z,00:00:12.000,5,SWIM_STROKE_TYPE_UNSPECIFIED
2020-11-25T01:30:38Z,00:00:14.000,5,SWIM_STROKE_TYPE_UNSPECIFIED
2020-11-25T03:08:57Z,00:00:39.000,13,SWIM_STROKE_TYPE_UNSPECIFIED
2020-11-25T03:18:37Z,00:00:15.000,5,SWIM_STROKE_TYPE_UNSPECIFIED
2020-11-25T04:39:10Z,00:00:23.000,7,SWIM_STROKE_TYPE_UNSPECIFIED
2020-11-25T05:17:52Z,00:00:58.000,9,SWIM_STROKE_TYPE_UNSPECIFIED
2020-11-25T05:20:00Z,00:00:22.000,5,SWIM_STROKE_TYPE_UNSPECIFIED
2020-11-25T05:22:25Z,00:00:17.000,5,SWIM_STROKE_TYPE_UNSPECIFIED
2020-11-25T05:27:02Z,00:00:27.000,5,SWIM_STROKE_TYPE_UNSPECIFIED
2020-11-25T05:37:54Z,00:00:32.000,8,SWIM_STROKE_TYPE_UNSPECIFIED
2020-11-25T05:39:03Z,00:00:26.000,5,SWIM_STROKE_TYPE_UNSPECIFIED
2020-11-25T05:39:52Z,00:00:23.000,6,SWIM_STROKE_TYPE_UNSPECIFIED
2020-11-25T05:46:09Z,00:00:19.000,5,SWIM_STROKE_TYPE_UNSPECIFIED
2020-11-25T05:47:15Z,00:00:28.000,6,SWIM_STROKE_TYPE_UNSPECIFIED
2020-11-25T14:36:41Z,00:00:29.000,6,SWIM_STROKE_TYPE_UNSPECIFIED
2020-11-25T14:39:55Z,00:00:34.000,6,SWIM_STROKE_TYPE_UNSPECIFIED
2020-11-25T14:42:51Z,00:00:36.000,6,SWIM_STROKE_TYPE_UNSPECIFIED
2020-11-25T14:44:27Z,00:00:50.000,9,SWIM_STROKE_TYPE_UNSPECIFIED
2020-11-25T15:01:46Z,00:00:12.000,5,SWIM_STROKE_TYPE_UNSPECIFIED
2020-11-25T16:08:33Z,00:00:13.000,5,SWIM_STROKE_TYPE_UNSPECIFIED
2020-11-25T16:18:36Z,00:00:12.000,5,SWIM_STROKE_TYPE_UNSPECIFIED
2020-11-25T16:27:40Z,00:00:26.000,6,SWIM_STROKE_TYPE_UNSPECIFIED
2020-11-25T16:28:39Z,00:00:21.000,5,SWIM_STROKE_TYPE_UNSPECIFIED
2020-11-25T16:29:55Z,00:00:26.000,5,SWIM_STROKE_TYPE_UNSPECIFIED
2020-11-25T16:33:33Z,00:00:25.000,6,SWIM_STROKE_TYPE_UNSPECIFIED
2020-11-25T16:36:28Z,00:00:32.000,7,SWIM_STROKE_TYPE_UNSPECIFIED
2020-11-25T17:48:46Z,00:00:21.000,6,SWIM_STROKE_TYPE_UNSPECIFIED
2020-11-25T18:12:29Z,00:00:25.000,7,SWIM_STROKE_TYPE_UNSPECIFIED
2020-11-25T18:17:09Z,00:00:20.000,5,SWIM_STROKE_TYPE_UNSPECIFIED
2020-11-25T18:17:54Z,00:00:35.000,9,SWIM_STROKE_TYPE_UNSPECIFIED
2020-11-25T18:19:03Z,00:00:29.000,8,SWIM_STROKE_TYPE_UNSPECIFIED
2020-11-25T18:19:54Z,00:00:23.000,5,SWIM_STROKE_TYPE_UNSPECIFIED
2020-11-25T18:22:14Z,00:00:38.000,6,SWIM_STROKE_TYPE_UNSPECIFIED
2020-11-25T18:23:23Z,00:00:09.000,5,SWIM_STROKE_TYPE_UNSPECIFIED
2020-11-25T18:28:10Z,00:00:21.000,6,SWIM_STROKE_TYPE_UNSPECIFIED
2020-11-25T18:29:28Z,00:00:13.000,6,SWIM_STROKE_TYPE_UNSPECIFIED
2020-11-25T18:30:19Z,00:00:16.000,8,SWIM_STROKE_TYPE_UNSPECIFIED
2020-11-25T18:31:52Z,00:00:34.000,13,SWIM_STROKE_TYPE_UNSPECIFIED
2020-11-25T18:35:40Z,00:00:25.000,8,SWIM_STROKE_TYPE_UNSPECIFIED
2020-11-25T18:36:38Z,00:00:20.000,8,SWIM_STROKE_TYPE_UNSPECIFIED
2020-11-25T18:37:51Z,00:00:13.000,5,SWIM_STROKE_TYPE_UNSPECIFIED
2020-11-25T18:38:47Z,00:00:34.000,15,SWIM_STROKE_TYPE_UNSPECIFIED
2020-11-25T18:39:45Z,00:00:10.000,5,SWIM_STROKE_TYPE_UNSPECIFIED
2020-11-25T18:40:50Z,00:00:25.000,8,SWIM_STROKE_TYPE_UNSPECIFIED
2020-11-25T18:41:26Z,00:00:29.000,8,SWIM_STROKE_TYPE_UNSPECIFIED
2020-11-25T18:42:05Z,00:00:11.000,7,SWIM_STROKE_TYPE_UNSPECIFIED
2020-11-25T18:45:26Z,00:00:21.000,7,SWIM_STROKE_TYPE_UNSPECIFIED
2020-11-25T18:45:56Z,00:00:17.000,9,SWIM_STROKE_TYPE_UNSPECIFIED
2020-11-25T18:46:39Z,00:00:11.000,6,SWIM_STROKE_TYPE_UNSPECIFIED
2020-11-25T18:47:24Z,00:00:11.000,5,SWIM_STROKE_TYPE_UNSPECIFIED
2020-11-25T18:47:40Z,00:00:28.000,12,SWIM_STROKE_TYPE_UNSPECIFIED
2020-11-25T18:52:28Z,00:00:07.000,6,SWIM_STROKE_TYPE_UNSPECIFIED
2020-11-25T18:53:14Z,00:00:27.000,10,SWIM_STROKE_TYPE_UNSPECIFIED
2020-11-25T18:54:21Z,00:00:15.000,8,SWIM_STROKE_TYPE_UNSPECIFIED
2020-11-25T18:55:10Z,00:00:15.000,7,SWIM_STROKE_TYPE_UNSPECIFIED
2020-11-25T18:56:00Z,00:00:18.000,9,SWIM_STROKE_TYPE_UNSPECIFIED
2020-11-25T19:14:53Z,00:00:16.000,5,SWIM_STROKE_TYPE_UNSPECIFIED
2020-11-25T19:41:45Z,00:00:36.000,11,SWIM_STROKE_TYPE_UNSPECIFIED
2020-11-25T19:52:04Z,00:00:21.000,6,SWIM_STROKE_TYPE_UNSPECIFIED
2020-11-25T19:52:38Z,00:00:23.000,5,SWIM_STROKE_TYPE_UNSPECIFIED
2020-11-25T19:54:15Z,00:00:33.000,6,SWIM_STROKE_TYPE_UNSPECIFIED
2020-11-25T19:56:16Z,00:00:48.000,8,SWIM_STROKE_TYPE_UNSPECIFIED
2020-11-25T19:59:50Z,00:00:56.000,17,SWIM_STROKE_TYPE_UNSPECIFIED
2020-11-25T20:08:55Z,00:00:09.000,5,SWIM_STROKE_TYPE_UNSPECIFIED
2020-11-25T20:41:52Z,00:00:14.000,5,SWIM_STROKE_TYPE_UNSPECIFIED
2020-11-25T20:42:13Z,00:00:14.000,5,SWIM_STROKE_TYPE_UNSPECIFIED
2020-11-25T21:27:48Z,00:00:20.000,8,SWIM_STROKE_TYPE_UNSPECIFIED
2020-11-25T22:19:33Z,00:00:14.000,5,SWIM_STROKE_TYPE_UNSPECIFIED
2020-11-25T22:20:23Z,00:00:17.000,5,SWIM_STROKE_TYPE_UNSPECIFIED
2020-11-25T23:27:04Z,00:00:23.000,5,SWIM_STROKE_TYPE_UNSPECIFIED
2020-11-25T23:27:34Z,00:00:25.000,7,SWIM_STROKE_TYPE_UNSPECIFIED
2020-11-25T23:28:23Z,00:00:30.000,12,SWIM_STROKE_TYPE_UNSPECIFIED
2020-11-25T23:29:29Z,00:00:15.000,5,SWIM_STROKE_TYPE_UNSPECIFIED
2020-11-25T23:30:34Z,00:00:18.000,5,SWIM_STROKE_TYPE_UNSPECIFIED
2020-11-25T23:31:52Z,00:00:23.000,5,SWIM_STROKE_TYPE_UNSPECIFIED
2020-11-25T23:32:43Z,00:00:27.000,5,SWIM_STROKE_TYPE_UNSPECIFIED
2020-11-25T23:34:03Z,00:00:37.000,10,SWIM_STROKE_TYPE_UNSPECIFIED
2020-11-25T23:34:52Z,00:00:31.000,6,SWIM_STROKE_TYPE_UNSPECIFIED
2020-11-25T23:36:00Z,00:00:24.000,5,SWIM_STROKE_TYPE_UNSPECIFIED
2020-11-25T23:37:51Z,00:00:30.000,8,SWIM_STROKE_TYPE_UNSPECIFIED
2020-11-25T23:39:49Z,00:00:39.000,12,SWIM_STROKE_TYPE_UNSPECIFIED
2020-11-26T00:17:31Z,00:00:14.000,5,SWIM_STROKE_TYPE_UNSPECIFIED
2020-11-26T02:12:01Z,00:00:25.000,6,SWIM_STROKE_TYPE_UNSPECIFIED
2020-11-26T04:28:10Z,00:00:30.000,6,SWIM_STROKE_TYPE_UNSPECIFIED
2020-11-26T04:28:55Z,00:00:47.000,6,SWIM_STROKE_TYPE_UNSPECIFIED
2020-11-26T13:14:45Z,00:00:47.000,7,SWIM_STROKE_TYPE_UNSPECIFIED
2020-11-26T13:36:17Z,00:00:47.000,11,SWIM_STROKE_TYPE_UNSPECIFIED
2020-11-26T13:46:15Z,00:00:24.000,7,SWIM_STROKE_TYPE_UNSPECIFIED
2020-11-26T14:13:17Z,00:00:34.000,12,SWIM_STROKE_TYPE_UNSPECIFIED
2020-11-26T14:14:13Z,00:00:16.000,9,SWIM_STROKE_TYPE_UNSPECIFIED
2020-11-26T14:14:52Z,00:00:39.000,19,SWIM_STROKE_TYPE_UNSPECIFIED
2020-11-26T14:30:01Z,00:00:08.000,5,SWIM_STROKE_TYPE_UNSPECIFIED
2020-11-26T14:30:34Z,00:00:18.000,11,SWIM_STROKE_TYPE_UNSPECIFIED
2020-11-26T14:30:56Z,00:00:15.000,9,SWIM_STROKE_TYPE_UNSPECIFIED
2020-11-26T14:31:24Z,00:00:14.000,7,SWIM_STROKE_TYPE_UNSPECIFIED
2020-11-26T14:32:24Z,00:00:47.000,17,SWIM_STROKE_TYPE_UNSPECIFIED
2020-11-26T14:33:31Z,00:00:14.000,8,SWIM_STROKE_TYPE_UNSPECIFIED
2020-11-26T14:33:49Z,00:00:28.000,12,SWIM_STROKE_TYPE_UNSPECIFIED
2020-11-26T14:34:28Z,00:00:17.000,9,SWIM_STROKE_TYPE_UNSPECIFIED
2020-11-26T14:37:30Z,00:00:21.000,13,SWIM_STROKE_TYPE_UNSPECIFIED
2020-11-26T14:39:31Z,00:00:27.000,17,SWIM_STROKE_TYPE_UNSPECIFIED
2020-11-26T14:40:03Z,00:00:34.000,14,SWIM_STROKE_TYPE_UNSPECIFIED
2020-11-26T14:40:48Z,00:00:15.000,8,SWIM_STROKE_TYPE_UNSPECIFIED
2020-11-26T14:41:34Z,00:00:21.000,9,SWIM_STROKE_TYPE_UNSPECIFIED
2020-11-26T16:07:02Z,00:00:21.000,8,SWIM_STROKE_TYPE_UNSPECIFIED
2020-11-26T18:19:30Z,00:00:18.000,5,SWIM_STROKE_TYPE_UNSPECIFIED
2020-11-26T18:29:40Z,00:00:26.000,5,SWIM_STROKE_TYPE_UNSPECIFIED
2020-11-26T18:44:56Z,00:00:17.000,5,SWIM_STROKE_TYPE_UNSPECIFIED
2020-11-26T18:47:13Z,00:00:10.000,6,SWIM_STROKE_TYPE_UNSPECIFIED
2020-11-26T18:48:12Z,00:00:08.000,5,SWIM_STROKE_TYPE_UNSPECIFIED
2020-11-26T18:48:46Z,00:00:27.000,11,SWIM_STROKE_TYPE_UNSPECIFIED
2020-11-26T18:54:10Z,00:00:15.000,6,SWIM_STROKE_TYPE_UNSPECIFIED
2020-11-26T18:55:25Z,00:00:21.000,5,SWIM_STROKE_TYPE_UNSPECIFIED
2020-11-26T18:58:21Z,00:00:35.000,9,SWIM_STROKE_TYPE_UNSPECIFIED
2020-11-26T18:59:32Z,00:00:54.000,16,SWIM_STROKE_TYPE_UNSPECIFIED
2020-11-26T19:01:18Z,00:00:42.000,13,SWIM_STROKE_TYPE_UNSPECIFIED
2020-11-26T19:10:08Z,00:00:24.000,7,SWIM_STROKE_TYPE_UNSPECIFIED
2020-11-26T19:13:53Z,00:00:24.000,7,SWIM_STROKE_TYPE_UNSPECIFIED
2020-11-26T19:15:12Z,00:00:27.000,5,SWIM_STROKE_TYPE_UNSPECIFIED
2020-11-26T19:16:05Z,00:00:41.000,7,SWIM_STROKE_TYPE_UNSPECIFIED
2020-11-26T19:17:16Z,00:00:29.000,5,SWIM_STROKE_TYPE_UNSPECIFIED
2020-11-26T19:18:08Z,00:00:49.000,9,SWIM_STROKE_TYPE_UNSPECIFIED
2020-11-26T19:20:46Z,00:00:22.000,6,SWIM_STROKE_TYPE_UNSPECIFIED
2020-11-26T19:23:08Z,00:00:30.000,8,SWIM_STROKE_TYPE_UNSPECIFIED
2020-11-26T19:32:05Z,00:00:32.000,8,SWIM_STROKE_TYPE_UNSPECIFIED
2020-11-26T19:36:48Z,00:00:11.000,5,SWIM_STROKE_TYPE_UNSPECIFIED
2020-11-26T19:49:49Z,00:00:20.000,6,SWIM_STROKE_TYPE_UNSPECIFIED
2020-11-26T19:57:30Z,00:00:26.000,5,SWIM_STROKE_TYPE_UNSPECIFIED
2020-11-26T19:58:12Z,00:00:16.000,5,SWIM_STROKE_TYPE_UNSPECIFIED
2020-11-26T19:58:41Z,00:00:27.000,5,SWIM_STROKE_TYPE_UNSPECIFIED
2020-11-26T19:59:37Z,00:00:42.000,8,SWIM_STROKE_TYPE_UNSPECIFIED
2020-11-26T20:30:29Z,00:00:58.000,5,SWIM_STROKE_TYPE_UNSPECIFIED
2020-11-26T20:31:58Z,00:00:42.000,5,SWIM_STROKE_TYPE_UNSPECIFIED
2020-11-26T20:32:41Z,00:00:42.000,8,SWIM_STROKE_TYPE_UNSPECIFIED
2020-11-26T20:44:33Z,00:00:29.000,6,SWIM_STROKE_TYPE_UNSPECIFIED
2020-11-26T20:48:33Z,00:00:22.000,5,SWIM_STROKE_TYPE_UNSPECIFIED
2020-11-26T20:50:42Z,00:00:37.000,6,SWIM_STROKE_TYPE_UNSPECIFIED
2020-11-26T20:51:44Z,00:00:35.000,5,SWIM_STROKE_TYPE_UNSPECIFIED
2020-11-26T20:53:03Z,00:00:35.000,5,SWIM_STROKE_TYPE_UNSPECIFIED
2020-11-26T20:54:12Z,00:00:30.000,6,SWIM_STROKE_TYPE_UNSPECIFIED
2020-11-26T21:01:00Z,00:00:47.000,11,SWIM_STROKE_TYPE_UNSPECIFIED
2020-11-26T22:23:53Z,00:00:14.000,6,SWIM_STROKE_TYPE_UNSPECIFIED
2020-11-26T22:24:14Z,00:00:18.000,6,SWIM_STROKE_TYPE_UNSPECIFIED
2020-11-26T23:48:15Z,00:00:13.000,5,SWIM_STROKE_TYPE_UNSPECIFIED
2020-11-26T23:48:49Z,00:00:24.000,6,SWIM_STROKE_TYPE_UNSPECIFIED
2020-11-26T23:49:54Z,00:00:27.000,5,SWIM_STROKE_TYPE_UNSPECIFIED
2020-11-26T23:50:51Z,00:00:38.000,8,SWIM_STROKE_TYPE_UNSPECIFIED
2020-11-26T23:52:22Z,00:00:29.000,6,SWIM_STROKE_TYPE_UNSPECIFIED
2020-11-26T23:54:05Z,00:00:38.000,6,SWIM_STROKE_TYPE_UNSPECIFIED
2020-11-26T23:54:57Z,00:00:35.000,9,SWIM_STROKE_TYPE_UNSPECIFIED
2020-11-27T02:30:27Z,00:00:29.000,7,SWIM_STROKE_TYPE_UNSPECIFIED
2020-11-27T02:31:03Z,00:00:15.000,5,SWIM_STROKE_TYPE_UNSPECIFIED
2020-11-27T13:45:15Z,00:00:17.000,5,SWIM_STROKE_TYPE_UNSPECIFIED
2020-11-27T13:50:33Z,00:00:29.000,6,SWIM_STROKE_TYPE_UNSPECIFIED
2020-11-27T14:08:32Z,00:00:37.000,7,SWIM_STROKE_TYPE_UNSPECIFIED
2020-11-27T14:23:23Z,00:00:27.000,5,SWIM_STROKE_TYPE_UNSPECIFIED
2020-11-27T14:24:15Z,00:00:49.000,7,SWIM_STROKE_TYPE_UNSPECIFIED
2020-11-27T14:25:32Z,00:00:40.000,8,SWIM_STROKE_TYPE_UNSPECIFIED
2020-11-27T14:27:53Z,00:00:20.000,5,SWIM_STROKE_TYPE_UNSPECIFIED
2020-11-27T14:49:45Z,00:00:19.000,6,SWIM_STROKE_TYPE_UNSPECIFIED
2020-11-27T15:25:07Z,00:00:20.000,5,SWIM_STROKE_TYPE_UNSPECIFIED
2020-11-27T16:32:54Z,00:00:25.000,5,SWIM_STROKE_TYPE_UNSPECIFIED
2020-11-27T16:35:31Z,00:00:34.000,6,SWIM_STROKE_TYPE_UNSPECIFIED
2020-11-27T16:36:59Z,00:00:29.000,7,SWIM_STROKE_TYPE_UNSPECIFIED
2020-11-27T16:40:25Z,00:00:19.000,7,SWIM_STROKE_TYPE_UNSPECIFIED
2020-11-27T16:43:20Z,00:00:17.000,9,SWIM_STROKE_TYPE_UNSPECIFIED
2020-11-27T16:43:47Z,00:00:11.000,5,SWIM_STROKE_TYPE_UNSPECIFIED
2020-11-27T16:44:19Z,00:00:35.000,16,SWIM_STROKE_TYPE_UNSPECIFIED
2020-11-27T16:45:13Z,00:00:37.000,18,SWIM_STROKE_TYPE_UNSPECIFIED
2020-11-27T16:54:04Z,00:00:16.000,5,SWIM_STROKE_TYPE_UNSPECIFIED
2020-11-27T16:54:27Z,00:00:08.000,5,SWIM_STROKE_TYPE_UNSPECIFIED
2020-11-27T16:56:06Z,00:00:10.000,5,SWIM_STROKE_TYPE_UNSPECIFIED
2020-11-27T16:57:47Z,00:00:20.000,7,SWIM_STROKE_TYPE_UNSPECIFIED
2020-11-27T16:58:22Z,00:00:26.000,8,SWIM_STROKE_TYPE_UNSPECIFIED
2020-11-27T16:59:20Z,00:00:28.000,8,SWIM_STROKE_TYPE_UNSPECIFIED
2020-11-27T16:59:58Z,00:00:28.000,7,SWIM_STROKE_TYPE_UNSPECIFIED
2020-11-27T17:00:47Z,00:00:16.000,7,SWIM_STROKE_TYPE_UNSPECIFIED
2020-11-27T17:02:34Z,00:00:12.000,8,SWIM_STROKE_TYPE_UNSPECIFIED
2020-11-27T17:03:31Z,00:00:09.000,5,SWIM_STROKE_TYPE_UNSPECIFIED
2020-11-27T17:06:08Z,00:00:17.000,7,SWIM_STROKE_TYPE_UNSPECIFIED
2020-11-27T17:06:45Z,00:00:35.000,9,SWIM_STROKE_TYPE_UNSPECIFIED
2020-11-27T17:08:46Z,00:00:30.000,13,SWIM_STROKE_TYPE_UNSPECIFIED
2020-11-27T17:09:27Z,00:00:09.000,5,SWIM_STROKE_TYPE_UNSPECIFIED
2020-11-27T17:10:21Z,00:00:14.000,5,SWIM_STROKE_TYPE_UNSPECIFIED
2020-11-27T17:11:43Z,00:00:11.000,5,SWIM_STROKE_TYPE_UNSPECIFIED
2020-11-27T18:36:42Z,00:00:18.000,6,SWIM_STROKE_TYPE_UNSPECIFIED
2020-11-27T18:38:09Z,00:00:13.000,5,SWIM_STROKE_TYPE_UNSPECIFIED
2020-11-27T18:39:36Z,00:00:22.000,8,SWIM_STROKE_TYPE_UNSPECIFIED
2020-11-27T18:42:46Z,00:00:09.000,5,SWIM_STROKE_TYPE_UNSPECIFIED
2020-11-27T18:43:14Z,00:00:09.000,5,SWIM_STROKE_TYPE_UNSPECIFIED
2020-11-27T18:47:54Z,00:00:22.000,9,SWIM_STROKE_TYPE_UNSPECIFIED
2020-11-27T18:48:34Z,00:00:18.000,8,SWIM_STROKE_TYPE_UNSPECIFIED
2020-11-27T18:49:18Z,00:00:15.000,5,SWIM_STROKE_TYPE_UNSPECIFIED
2020-11-27T21:03:14Z,00:00:26.000,10,SWIM_STROKE_TYPE_UNSPECIFIED
2020-11-27T22:48:35Z,00:00:14.000,5,SWIM_STROKE_TYPE_UNSPECIFIED
2020-11-27T22:53:14Z,00:00:23.000,7,SWIM_STROKE_TYPE_UNSPECIFIED
2020-11-27T23:00:59Z,00:00:34.000,6,SWIM_STROKE_TYPE_UNSPECIFIED
2020-11-27T23:03:45Z,00:00:52.000,15,SWIM_STROKE_TYPE_UNSPECIFIED
2020-11-27T23:09:47Z,00:00:22.000,5,SWIM_STROKE_TYPE_UNSPECIFIED
2020-11-27T23:15:11Z,00:00:26.000,5,SWIM_STROKE_TYPE_UNSPECIFIED
2020-11-27T23:22:30Z,00:00:22.000,5,SWIM_STROKE_TYPE_UNSPECIFIED
2020-11-27T23:30:46Z,00:00:13.000,5,SWIM_STROKE_TYPE_UNSPECIFIED
2020-11-27T23:33:14Z,00:00:17.000,7,SWIM_STROKE_TYPE_UNSPECIFIED
2020-11-28T03:59:21Z,00:00:07.000,5,SWIM_STROKE_TYPE_UNSPECIFIED
2020-11-28T06:25:40Z,00:00:19.000,6,SWIM_STROKE_TYPE_UNSPECIFIED
2020-11-28T14:01:59Z,00:00:26.000,7,SWIM_STROKE_TYPE_UNSPECIFIED
2020-11-28T14:03:06Z,00:00:25.000,7,SWIM_STROKE_TYPE_UNSPECIFIED
2020-11-28T14:19:23Z,00:00:13.000,5,SWIM_STROKE_TYPE_UNSPECIFIED
2020-11-28T14:20:07Z,00:00:10.000,5,SWIM_STROKE_TYPE_UNSPECIFIED
2020-11-28T15:31:46Z,00:00:10.000,5,SWIM_STROKE_TYPE_UNSPECIFIED
2020-11-28T15:33:29Z,00:00:18.000,6,SWIM_STROKE_TYPE_UNSPECIFIED
2020-11-28T15:34:14Z,00:00:15.000,10,SWIM_STROKE_TYPE_UNSPECIFIED
2020-11-28T15:36:14Z,00:00:26.000,10,SWIM_STROKE_TYPE_UNSPECIFIED
2020-11-28T15:38:32Z,00:00:08.000,7,SWIM_STROKE_TYPE_UNSPECIFIED
2020-11-28T15:38:53Z,00:00:25.000,8,SWIM_STROKE_TYPE_UNSPECIFIED
2020-11-28T15:40:02Z,00:00:18.000,6,SWIM_STROKE_TYPE_UNSPECIFIED
2020-11-28T15:41:32Z,00:00:22.000,10,SWIM_STROKE_TYPE_UNSPECIFIED
2020-11-28T15:42:03Z,00:00:19.000,12,SWIM_STROKE_TYPE_UNSPECIFIED
2020-11-28T15:42:29Z,00:00:13.000,8,SWIM_STROKE_TYPE_UNSPECIFIED
2020-11-28T15:42:51Z,00:00:11.000,6,SWIM_STROKE_TYPE_UNSPECIFIED
2020-11-28T15:43:26Z,00:00:13.000,8,SWIM_STROKE_TYPE_UNSPECIFIED
2020-11-28T15:44:52Z,00:00:14.000,8,SWIM_STROKE_TYPE_UNSPECIFIED
2020-11-28T15:45:57Z,00:00:08.000,5,SWIM_STROKE_TYPE_UNSPECIFIED
2020-11-28T15:46:12Z,00:00:09.000,6,SWIM_STROKE_TYPE_UNSPECIFIED
2020-11-28T15:47:18Z,00:00:09.000,5,SWIM_STROKE_TYPE_UNSPECIFIED
2020-11-28T15:48:39Z,00:00:15.000,9,SWIM_STROKE_TYPE_UNSPECIFIED
2020-11-28T15:50:02Z,00:00:21.000,7,SWIM_STROKE_TYPE_UNSPECIFIED
2020-11-28T15:50:41Z,00:00:12.000,5,SWIM_STROKE_TYPE_UNSPECIFIED
2020-11-28T15:51:50Z,00:00:11.000,5,SWIM_STROKE_TYPE_UNSPECIFIED
2020-11-28T15:59:15Z,00:00:11.000,6,SWIM_STROKE_TYPE_UNSPECIFIED
2020-11-28T17:22:44Z,00:00:21.000,8,SWIM_STROKE_TYPE_UNSPECIFIED
2020-11-28T17:23:46Z,00:00:14.000,6,SWIM_STROKE_TYPE_UNSPECIFIED
2020-11-28T17:25:14Z,00:00:09.000,6,SWIM_STROKE_TYPE_UNSPECIFIED
2020-11-28T19:32:34Z,00:00:15.000,5,SWIM_STROKE_TYPE_UNSPECIFIED
2020-11-28T19:38:48Z,00:00:11.000,5,SWIM_STROKE_TYPE_UNSPECIFIED
2020-11-28T19:53:58Z,00:00:14.000,5,SWIM_STROKE_TYPE_UNSPECIFIED
2020-11-28T20:07:47Z,00:00:23.000,5,SWIM_STROKE_TYPE_UNSPECIFIED
2020-11-28T20:08:53Z,00:00:27.000,6,SWIM_STROKE_TYPE_UNSPECIFIED
2020-11-28T20:13:05Z,00:00:31.000,8,SWIM_STROKE_TYPE_UNSPECIFIED
2020-11-28T20:44:24Z,00:00:18.000,5,SWIM_STROKE_TYPE_UNSPECIFIED
2020-11-28T20:46:50Z,00:00:22.000,5,SWIM_STROKE_TYPE_UNSPECIFIED
2020-11-28T20:53:33Z,00:00:34.000,8,SWIM_STROKE_TYPE_UNSPECIFIED
2020-11-28T22:01:44Z,00:00:12.000,5,SWIM_STROKE_TYPE_UNSPECIFIED
2020-11-28T22:50:05Z,00:00:13.000,5,SWIM_STROKE_TYPE_UNSPECIFIED
2020-11-28T22:52:10Z,00:00:22.000,6,SWIM_STROKE_TYPE_UNSPECIFIED
2020-11-28T22:53:17Z,00:00:27.000,7,SWIM_STROKE_TYPE_UNSPECIFIED
2020-11-28T22:54:38Z,00:00:30.000,6,SWIM_STROKE_TYPE_UNSPECIFIED
2020-11-28T22:55:32Z,00:00:27.000,5,SWIM_STROKE_TYPE_UNSPECIFIED
2020-11-28T23:17:10Z,00:00:13.000,5,SWIM_STROKE_TYPE_UNSPECIFIED
2020-11-28T23:38:04Z,00:00:24.000,6,SWIM_STROKE_TYPE_UNSPECIFIED
2020-11-29T00:34:49Z,00:00:29.000,6,SWIM_STROKE_TYPE_UNSPECIFIED
2020-11-29T00:36:15Z,00:00:27.000,6,SWIM_STROKE_TYPE_UNSPECIFIED
2020-11-29T00:37:06Z,00:00:24.000,5,SWIM_STROKE_TYPE_UNSPECIFIED
2020-11-29T04:48:47Z,00:00:27.000,6,SWIM_STROKE_TYPE_UNSPECIFIED
2020-11-29T13:51:56Z,00:00:18.000,5,SWIM_STROKE_TYPE_UNSPECIFIED
2020-11-29T13:54:30Z,00:00:18.000,7,SWIM_STROKE_TYPE_UNSPECIFIED
2020-11-29T13:58:50Z,00:00:29.000,7,SWIM_STROKE_TYPE_UNSPECIFIED
2020-11-29T14:00:20Z,00:00:22.000,5,SWIM_STROKE_TYPE_UNSPECIFIED
2020-11-29T14:06:02Z,00:00:18.000,5,SWIM_STROKE_TYPE_UNSPECIFIED
2020-11-29T15:18:26Z,00:00:19.000,5,SWIM_STROKE_TYPE_UNSPECIFIED
2020-11-29T16:39:50Z,00:00:11.000,5,SWIM_STROKE_TYPE_UNSPECIFIED
2020-11-29T16:40:32Z,00:00:14.000,5,SWIM_STROKE_TYPE_UNSPECIFIED
2020-11-29T16:40:54Z,00:00:12.000,7,SWIM_STROKE_TYPE_UNSPECIFIED
2020-11-29T16:41:51Z,00:00:21.000,8,SWIM_STROKE_TYPE_UNSPECIFIED
2020-11-29T16:42:30Z,00:00:22.000,8,SWIM_STROKE_TYPE_UNSPECIFIED
2020-11-29T16:43:39Z,00:00:18.000,6,SWIM_STROKE_TYPE_UNSPECIFIED
2020-11-29T16:44:47Z,00:00:27.000,11,SWIM_STROKE_TYPE_UNSPECIFIED
2020-11-29T16:45:48Z,00:00:19.000,8,SWIM_STROKE_TYPE_UNSPECIFIED
2020-11-29T16:46:38Z,00:00:13.000,7,SWIM_STROKE_TYPE_UNSPECIFIED
2020-11-29T16:55:17Z,00:00:13.000,7,SWIM_STROKE_TYPE_UNSPECIFIED
2020-11-29T16:55:43Z,00:00:20.000,11,SWIM_STROKE_TYPE_UNSPECIFIED
2020-11-29T16:56:40Z,00:00:13.000,5,SWIM_STROKE_TYPE_UNSPECIFIED
2020-11-29T17:51:49Z,00:00:15.000,5,SWIM_STROKE_TYPE_UNSPECIFIED
2020-11-29T18:08:16Z,00:00:26.000,8,SWIM_STROKE_TYPE_UNSPECIFIED
2020-11-29T18:26:03Z,00:00:26.000,6,SWIM_STROKE_TYPE_UNSPECIFIED
2020-11-29T18:45:35Z,00:00:11.000,5,SWIM_STROKE_TYPE_UNSPECIFIED
2020-11-29T18:48:14Z,00:00:13.000,6,SWIM_STROKE_TYPE_UNSPECIFIED
2020-11-29T18:50:50Z,00:00:17.000,6,SWIM_STROKE_TYPE_UNSPECIFIED
2020-11-29T18:51:23Z,00:00:33.000,7,SWIM_STROKE_TYPE_UNSPECIFIED
2020-11-29T22:57:00Z,00:00:13.000,5,SWIM_STROKE_TYPE_UNSPECIFIED
2020-11-29T23:11:46Z,00:00:14.000,6,SWIM_STROKE_TYPE_UNSPECIFIED
2020-11-30T21:27:51Z,00:00:12.000,5,SWIM_STROKE_TYPE_UNSPECIFIED
